-- phpMyAdmin SQL Dump
-- version 5.2.0
-- https://www.phpmyadmin.net/
--
-- Host: 127.0.0.1
-- Generation Time: Sep 10, 2024 at 06:18 PM
-- Server version: 10.4.27-MariaDB
-- PHP Version: 8.1.12

SET SQL_MODE = "NO_AUTO_VALUE_ON_ZERO";
START TRANSACTION;
SET time_zone = "+00:00";


/*!40101 SET @OLD_CHARACTER_SET_CLIENT=@@CHARACTER_SET_CLIENT */;
/*!40101 SET @OLD_CHARACTER_SET_RESULTS=@@CHARACTER_SET_RESULTS */;
/*!40101 SET @OLD_COLLATION_CONNECTION=@@COLLATION_CONNECTION */;
/*!40101 SET NAMES utf8mb4 */;

--
-- Database: `giga`
--

-- --------------------------------------------------------

--
-- Table structure for table `calculation_logs`
--

CREATE TABLE `calculation_logs` (
  `id` int(11) NOT NULL,
  `project_id` int(11) NOT NULL,
  `data` longblob DEFAULT NULL,
  `type` enum('object','topology') DEFAULT NULL,
  `step` enum('bandwidth','middle-mile','last-mile','main') NOT NULL DEFAULT 'main',
  `object_id` int(11) DEFAULT NULL,
  `created` datetime NOT NULL,
  `run_id` varchar(13) NOT NULL
) ENGINE=InnoDB DEFAULT CHARSET=utf8 COLLATE=utf8_general_ci;

-- --------------------------------------------------------

--
-- Table structure for table `calculation_reports`
--

CREATE TABLE `calculation_reports` (
  `id` int(11) NOT NULL,
  `project_id` int(11) NOT NULL,
  `data` longblob DEFAULT NULL,
  `type` enum('simple','smart','csv') DEFAULT NULL,
  `step` enum('bandwidth','middle-mile','last-mile','main') NOT NULL DEFAULT 'main',
  `created` datetime NOT NULL,
  `run_id` varchar(13) NOT NULL
) ENGINE=InnoDB DEFAULT CHARSET=utf8 COLLATE=utf8_general_ci;

-- --------------------------------------------------------

--
-- Table structure for table `calculation_results`
--

CREATE TABLE `calculation_results` (
  `id` int(11) NOT NULL,
  `project_id` int(11) NOT NULL,
  `data` longtext CHARACTER SET utf8mb4 COLLATE utf8mb4_bin DEFAULT NULL,
  `type` enum('object','object-log','topology','topology-log','report-simple','report-smart','report-csv') NOT NULL DEFAULT 'object',
  `step` enum('bandwidth','middle-mile','last-mile','main') NOT NULL DEFAULT 'main',
  `object_id` int(11) DEFAULT NULL,
  `created` datetime NOT NULL,
  `run_id` varchar(13) NOT NULL
) ENGINE=InnoDB DEFAULT CHARSET=utf8 COLLATE=utf8_general_ci;

-- --------------------------------------------------------

--
-- Table structure for table `country`
--

CREATE TABLE `country` (
  `id` int(11) NOT NULL,
  `country_name` varchar(45) DEFAULT NULL,
  `region_id` int(11) NOT NULL,
  `country_name_ru` varchar(45) DEFAULT NULL,
  `country_name_fr` varchar(45) DEFAULT NULL,
  `country_name_es` varchar(45) DEFAULT NULL,
  `country_name_zh` varchar(45) DEFAULT NULL,
  `country_name_ar` varchar(45) DEFAULT NULL,
  `is_verified` tinyint(1) NOT NULL DEFAULT 0
) ENGINE=InnoDB DEFAULT CHARSET=utf8 COLLATE=utf8_general_ci;

--
-- Dumping data for table `country`
--

INSERT INTO `country` (`id`, `country_name`, `region_id`, `country_name_ru`, `country_name_fr`, `country_name_es`, `country_name_zh`, `country_name_ar`, `is_verified`) VALUES
(1, 'Mauritius', 1, NULL, NULL, NULL, NULL, NULL, 0),
(2, 'Equatorial Guinea', 1, NULL, NULL, NULL, NULL, NULL, 0),
(3, 'Gabon', 1, NULL, NULL, NULL, NULL, NULL, 0),
(4, 'Botswana', 1, NULL, NULL, NULL, NULL, NULL, 0),
(5, 'South Africa', 1, NULL, NULL, NULL, NULL, NULL, 0),
(6, 'Namibia', 1, NULL, NULL, NULL, NULL, NULL, 1),
(7, 'Eswatini', 1, NULL, NULL, NULL, NULL, NULL, 0),
(8, 'Cabo-Verde', 2, NULL, NULL, NULL, NULL, NULL, 0),
(9, 'Ghana', 2, NULL, NULL, NULL, NULL, NULL, 0),
(10, 'Congo', 2, NULL, NULL, NULL, NULL, NULL, 0),
(11, 'Angola', 2, NULL, NULL, NULL, NULL, NULL, 0),
(12, 'Nigeria', 2, NULL, NULL, NULL, NULL, NULL, 1),
(13, 'Mauritania', 2, NULL, NULL, NULL, NULL, NULL, 0),
(14, 'Cote dIvoire', 2, NULL, NULL, NULL, NULL, NULL, 0),
(15, 'Zambia', 2, NULL, NULL, NULL, NULL, NULL, 0),
(16, 'Cameroon', 2, NULL, NULL, NULL, NULL, NULL, 0),
(17, 'Senegal', 2, NULL, NULL, NULL, NULL, NULL, 0),
(18, 'Kenya', 2, NULL, NULL, NULL, NULL, NULL, 1),
(19, 'Sudan', 3, NULL, NULL, NULL, NULL, NULL, 0),
(20, 'Lesotho', 3, NULL, NULL, NULL, NULL, NULL, 0),
(21, 'Tanzania', 3, NULL, NULL, NULL, NULL, NULL, 0),
(22, 'Benin', 3, NULL, NULL, NULL, NULL, NULL, 0),
(23, 'Sao Tome and Principe', 3, NULL, NULL, NULL, NULL, NULL, 0),
(24, 'Comoros', 3, NULL, NULL, NULL, NULL, NULL, 0),
(25, 'Gambia', 3, NULL, NULL, NULL, NULL, NULL, 0),
(26, 'Zimbabwe', 3, NULL, NULL, NULL, NULL, NULL, 0),
(27, 'Uganda', 3, NULL, NULL, NULL, NULL, NULL, 0),
(28, 'Ethiopia', 3, NULL, NULL, NULL, NULL, NULL, 0),
(29, 'Rwanda', 3, NULL, NULL, NULL, NULL, NULL, 1),
(30, 'Chad', 3, NULL, NULL, NULL, NULL, NULL, 0),
(31, 'Guinea', 3, NULL, NULL, NULL, NULL, NULL, 0),
(32, 'Mali', 3, NULL, NULL, NULL, NULL, NULL, 0),
(33, 'Burkina Faso', 3, NULL, NULL, NULL, NULL, NULL, 0),
(34, 'Guinea-Bissau', 3, NULL, NULL, NULL, NULL, NULL, 0),
(35, 'Togolese Republic', 3, NULL, NULL, NULL, NULL, NULL, 0),
(36, 'Madagascar', 3, NULL, NULL, NULL, NULL, NULL, 0),
(37, 'Sierra Leone', 3, NULL, NULL, NULL, NULL, NULL, 1),
(38, 'South Sudan', 3, NULL, NULL, NULL, NULL, NULL, 0),
(39, 'Liberia', 3, NULL, NULL, NULL, NULL, NULL, 0),
(40, 'Mozambique', 3, NULL, NULL, NULL, NULL, NULL, 0),
(41, 'Malawi', 3, NULL, NULL, NULL, NULL, NULL, 0),
(42, 'Niger', 3, NULL, NULL, NULL, NULL, NULL, 0),
(43, 'Eritrea', 3, NULL, NULL, NULL, NULL, NULL, 0),
(44, 'DR Congo', 3, NULL, NULL, NULL, NULL, NULL, 0),
(45, 'Central African Republic', 3, NULL, NULL, NULL, NULL, NULL, 0),
(46, 'Burundi', 3, NULL, NULL, NULL, NULL, NULL, 0),
(47, 'Somalia', 3, NULL, NULL, NULL, NULL, NULL, 0),
(48, 'Qatar (State of)', 4, NULL, NULL, NULL, NULL, NULL, 0),
(49, 'United Arab Emirates', 4, NULL, NULL, NULL, NULL, NULL, 0),
(50, 'Kuwait', 4, NULL, NULL, NULL, NULL, NULL, 0),
(51, 'Saudi Arabia', 4, NULL, NULL, NULL, NULL, NULL, 0),
(52, 'Bahrain (Kingdom of)', 4, NULL, NULL, NULL, NULL, NULL, 0),
(53, 'Oman', 4, NULL, NULL, NULL, NULL, NULL, 0),
(54, 'Israel', 4, NULL, NULL, NULL, NULL, NULL, 0),
(55, 'Kazakhstan', 5, NULL, NULL, NULL, NULL, NULL, 1),
(56, 'Turkey', 5, NULL, NULL, NULL, NULL, NULL, 0),
(57, 'Turkmenistan', 5, NULL, NULL, NULL, NULL, NULL, 0),
(58, 'Iraq', 5, NULL, NULL, NULL, NULL, NULL, 0),
(59, 'Iran', 5, NULL, NULL, NULL, NULL, NULL, 0),
(60, 'Algeria', 5, NULL, NULL, NULL, NULL, NULL, 0),
(61, 'Lebanon', 5, NULL, NULL, NULL, NULL, NULL, 0),
(62, 'Egypt', 6, NULL, NULL, NULL, NULL, NULL, 0),
(63, 'Tunisia', 6, NULL, NULL, NULL, NULL, NULL, 0),
(64, 'Jordan', 6, NULL, NULL, NULL, NULL, NULL, 0),
(65, 'Morocco', 6, NULL, NULL, NULL, NULL, NULL, 0),
(66, 'Uzbekistan', 6, NULL, NULL, NULL, NULL, NULL, 1),
(67, 'Libyan Arab Jamahiriya', 6, NULL, NULL, NULL, NULL, NULL, 0),
(68, 'Djibouti (Republic of)', 6, NULL, NULL, NULL, NULL, NULL, 0),
(69, 'Kyrgyzstan', 6, NULL, NULL, NULL, NULL, NULL, 1),
(70, 'Tajikistan', 6, NULL, NULL, NULL, NULL, NULL, 0),
(71, 'Yemen', 6, NULL, NULL, NULL, NULL, NULL, 0),
(72, 'Syrian Arab Republic', 6, NULL, NULL, NULL, NULL, NULL, 0),
(73, 'Trinidad and Tobago', 7, NULL, NULL, NULL, NULL, NULL, 0),
(74, 'Bahamas ', 7, NULL, NULL, NULL, NULL, NULL, 0),
(75, 'Saint Kitts and Nevis', 7, NULL, NULL, NULL, NULL, NULL, 0),
(76, 'Antigua and Barbuda', 7, NULL, NULL, NULL, NULL, NULL, 0),
(77, 'Panama', 7, NULL, NULL, NULL, NULL, NULL, 0),
(78, 'Chile', 7, NULL, NULL, NULL, NULL, NULL, 0),
(79, 'Uruguay', 7, NULL, NULL, NULL, NULL, NULL, 0),
(80, 'Mexico', 7, NULL, NULL, NULL, NULL, NULL, 0),
(81, 'Dominican Republic', 7, NULL, NULL, NULL, NULL, NULL, 0),
(82, 'Argentina', 8, NULL, NULL, NULL, NULL, NULL, 0),
(83, 'Barbados', 8, NULL, NULL, NULL, NULL, NULL, 0),
(84, 'Costa Rica', 8, NULL, NULL, NULL, NULL, NULL, 0),
(85, 'Grenada', 8, NULL, NULL, NULL, NULL, NULL, 0),
(86, 'Guyana', 8, NULL, NULL, NULL, NULL, NULL, 0),
(87, 'Brazil', 8, NULL, NULL, NULL, NULL, NULL, 1),
(88, 'Colombia', 8, NULL, NULL, NULL, NULL, NULL, 0),
(89, 'Suriname', 8, NULL, NULL, NULL, NULL, NULL, 0),
(90, 'Peru', 8, NULL, NULL, NULL, NULL, NULL, 0),
(91, 'Saint Lucia', 8, NULL, NULL, NULL, NULL, NULL, 0),
(92, 'Paraguay', 8, NULL, NULL, NULL, NULL, NULL, 0),
(93, 'Saint Vincent and the Grenadines', 8, NULL, NULL, NULL, NULL, NULL, 0),
(94, 'Dominica', 8, NULL, NULL, NULL, NULL, NULL, 0),
(95, 'Ecuador', 8, NULL, NULL, NULL, NULL, NULL, 0),
(96, 'Jamaica', 9, NULL, NULL, NULL, NULL, NULL, 0),
(97, 'Guatemala', 9, NULL, NULL, NULL, NULL, NULL, 0),
(98, 'Cuba', 9, NULL, NULL, NULL, NULL, NULL, 0),
(99, 'Belize', 9, NULL, NULL, NULL, NULL, NULL, 0),
(100, 'El Salvador', 9, NULL, NULL, NULL, NULL, NULL, 1),
(101, 'Bolivia', 9, NULL, NULL, NULL, NULL, NULL, 0),
(102, 'Honduras', 9, NULL, NULL, NULL, NULL, NULL, 1),
(103, 'Nicaragua', 9, NULL, NULL, NULL, NULL, NULL, 0),
(104, 'Venezuela', 9, NULL, NULL, NULL, NULL, NULL, 0),
(105, 'Haiti', 9, NULL, NULL, NULL, NULL, NULL, 0),
(106, 'Singapore', 10, NULL, NULL, NULL, NULL, NULL, 0),
(107, 'Brunei', 10, NULL, NULL, NULL, NULL, NULL, 0),
(108, 'Australia', 10, NULL, NULL, NULL, NULL, NULL, 0),
(109, 'Japan', 10, NULL, NULL, NULL, NULL, NULL, 0),
(110, 'Korea South', 10, NULL, NULL, NULL, NULL, NULL, 0),
(111, 'New Zeland', 10, NULL, NULL, NULL, NULL, NULL, 0),
(112, 'Malaysia', 10, NULL, NULL, NULL, NULL, NULL, 0),
(113, 'Seychelles ', 10, NULL, NULL, NULL, NULL, NULL, 0),
(114, 'Maldives', 10, NULL, NULL, NULL, NULL, NULL, 0),
(115, 'Thailand', 10, NULL, NULL, NULL, NULL, NULL, 0),
(116, 'China', 10, NULL, NULL, NULL, NULL, NULL, 0),
(117, 'Mongolia', 11, NULL, NULL, NULL, NULL, NULL, 0),
(118, 'Indonesia', 11, NULL, NULL, NULL, NULL, NULL, 1),
(119, 'Sri Lanka', 11, NULL, NULL, NULL, NULL, NULL, 0),
(120, 'Fiji ', 11, NULL, NULL, NULL, NULL, NULL, 0),
(121, 'Bhutan ', 11, NULL, NULL, NULL, NULL, NULL, 0),
(122, 'Philippines', 11, NULL, NULL, NULL, NULL, NULL, 0),
(123, 'Nauru ', 11, NULL, NULL, NULL, NULL, NULL, 0),
(124, 'India', 11, NULL, NULL, NULL, NULL, NULL, 0),
(125, 'Lao Peoples Democratic Republic', 11, NULL, NULL, NULL, NULL, NULL, 0),
(126, 'Vietnam', 11, NULL, NULL, NULL, NULL, NULL, 0),
(127, 'Myanmar', 12, NULL, NULL, NULL, NULL, NULL, 0),
(128, 'Tonga', 12, NULL, NULL, NULL, NULL, NULL, 0),
(129, 'Samoa', 12, NULL, NULL, NULL, NULL, NULL, 0),
(130, 'Pakistan', 12, NULL, NULL, NULL, NULL, NULL, 0),
(131, 'Bangladesh', 12, NULL, NULL, NULL, NULL, NULL, 0),
(132, 'Timor-Leste ', 12, NULL, NULL, NULL, NULL, NULL, 0),
(133, 'Cambodia', 12, NULL, NULL, NULL, NULL, NULL, 0),
(134, 'Tuvalu', 12, NULL, NULL, NULL, NULL, NULL, 0),
(135, 'Papua New Guinea', 12, NULL, NULL, NULL, NULL, NULL, 0),
(136, 'Marshall Islands', 12, NULL, NULL, NULL, NULL, NULL, 0),
(137, 'Micronesia', 12, NULL, NULL, NULL, NULL, NULL, 0),
(138, 'Nepal', 12, NULL, NULL, NULL, NULL, NULL, 0),
(139, 'Vanuatu', 12, NULL, NULL, NULL, NULL, NULL, 0),
(140, 'Solomon Islands', 12, NULL, NULL, NULL, NULL, NULL, 0),
(141, 'Kiribati ', 12, NULL, NULL, NULL, NULL, NULL, 0),
(142, 'Afghanistan', 12, NULL, NULL, NULL, NULL, NULL, 0),
(143, 'Korea North', 12, NULL, NULL, NULL, NULL, NULL, 0),
(144, 'Liechtenstein ', 13, NULL, NULL, NULL, NULL, NULL, 0),
(145, 'Monaco', 13, NULL, NULL, NULL, NULL, NULL, 0),
(146, 'Luxembourg', 13, NULL, NULL, NULL, NULL, NULL, 0),
(147, 'Ireland', 13, NULL, NULL, NULL, NULL, NULL, 0),
(148, 'Norway', 13, NULL, NULL, NULL, NULL, NULL, 0),
(149, 'Switzerland', 13, NULL, NULL, NULL, NULL, NULL, 0),
(150, 'San Marino ', 13, NULL, NULL, NULL, NULL, NULL, 0),
(151, 'Netherlands ', 14, NULL, NULL, NULL, NULL, NULL, 0),
(152, 'Iceland', 14, NULL, NULL, NULL, NULL, NULL, 0),
(153, 'Sweden', 14, NULL, NULL, NULL, NULL, NULL, 0),
(154, 'Denmark', 14, NULL, NULL, NULL, NULL, NULL, 0),
(155, 'Germany ', 14, NULL, NULL, NULL, NULL, NULL, 0),
(156, 'Austria', 14, NULL, NULL, NULL, NULL, NULL, 0),
(157, 'Belgium', 14, NULL, NULL, NULL, NULL, NULL, 0),
(158, 'Andorra', 14, NULL, NULL, NULL, NULL, NULL, 0),
(159, 'Malta', 14, NULL, NULL, NULL, NULL, NULL, 0),
(160, 'Finland', 14, NULL, NULL, NULL, NULL, NULL, 0),
(161, 'France', 14, NULL, NULL, NULL, NULL, NULL, 0),
(162, 'United Kingdom', 14, NULL, NULL, NULL, NULL, NULL, 0),
(163, 'Spain', 15, NULL, NULL, NULL, NULL, NULL, 0),
(164, 'Cyprus ', 15, NULL, NULL, NULL, NULL, NULL, 0),
(165, 'Italy', 15, NULL, NULL, NULL, NULL, NULL, 0),
(166, 'Czech Republic', 15, NULL, NULL, NULL, NULL, NULL, 0),
(167, 'Slovenia ', 15, NULL, NULL, NULL, NULL, NULL, 0),
(168, 'Lithuania ', 15, NULL, NULL, NULL, NULL, NULL, 0),
(169, 'Slovak Republic', 15, NULL, NULL, NULL, NULL, NULL, 0),
(170, 'Estonia', 15, NULL, NULL, NULL, NULL, NULL, 0),
(171, 'Hungary', 15, NULL, NULL, NULL, NULL, NULL, 0),
(172, 'Poland ', 15, NULL, NULL, NULL, NULL, NULL, 0),
(173, 'Portugal', 15, NULL, NULL, NULL, NULL, NULL, 0),
(174, 'Latvia ', 15, NULL, NULL, NULL, NULL, NULL, 0),
(175, 'Greece', 15, NULL, NULL, NULL, NULL, NULL, 0),
(176, 'Romania', 15, NULL, NULL, NULL, NULL, NULL, 0),
(177, 'Croatia ', 16, NULL, NULL, NULL, NULL, NULL, 0),
(178, 'Bulgaria', 16, NULL, NULL, NULL, NULL, NULL, 0),
(179, 'Montenegro', 16, NULL, NULL, NULL, NULL, NULL, 0),
(180, 'Serbia ', 16, NULL, NULL, NULL, NULL, NULL, 0),
(181, 'North Macedonia ', 16, NULL, NULL, NULL, NULL, NULL, 0),
(182, 'Bosnia and Herzegovina', 16, NULL, NULL, NULL, NULL, NULL, 0),
(183, 'Albania ', 16, NULL, NULL, NULL, NULL, NULL, 0),
(184, 'Russia', 17, NULL, NULL, NULL, NULL, NULL, 0),
(185, 'Belarus', 17, NULL, NULL, NULL, NULL, NULL, 0),
(186, 'Azerbaijzan', 17, NULL, NULL, NULL, NULL, NULL, 1),
(187, 'Georgia', 17, NULL, NULL, NULL, NULL, NULL, 0),
(188, 'Armenia', 17, NULL, NULL, NULL, NULL, NULL, 1),
(189, 'Ukraine', 17, NULL, NULL, NULL, NULL, NULL, 0),
(190, 'Moldova', 17, NULL, NULL, NULL, NULL, NULL, 0),
(191, 'USA', 18, NULL, NULL, NULL, NULL, NULL, 0),
(192, 'Canada', 18, NULL, NULL, NULL, NULL, NULL, 0);

-- --------------------------------------------------------

--
-- Table structure for table `country_has_variables`
--

CREATE TABLE `country_has_variables` (
  `country_id` int(11) NOT NULL,
  `variables_id` int(11) NOT NULL,
  `value` varchar(45) DEFAULT NULL
) ENGINE=InnoDB DEFAULT CHARSET=utf8 COLLATE=utf8_general_ci;

--
-- Dumping data for table `country_has_variables`
--

INSERT INTO `country_has_variables` (`country_id`, `variables_id`, `value`) VALUES
(1, 2, '1.85'),
(1, 3, '15.00'),
(1, 68, '883.95'),
(1, 131, '264.6\r'),
(1, 132, '12.07\r'),
(1, 133, '12.07\r'),
(1, 202, '25.52\r'),
(1, 203, '42.86\r'),
(1, 204, '31.62\r'),
(1, 206, '3.3\r'),
(1, 283, '50.3\r'),
(1, 287, '15\r'),
(1, 291, '0.19\r'),
(2, 2, '1'),
(2, 3, '35.00'),
(2, 68, '883.95'),
(2, 131, '1705.76\r'),
(2, 132, '1806.84\r'),
(2, 133, '1806.84\r'),
(2, 202, '5.57\r'),
(2, 203, '39.18\r'),
(2, 204, '55.25\r'),
(2, 206, '3.3\r'),
(2, 283, '259.38\r'),
(2, 287, '15\r'),
(2, 291, '125\r'),
(3, 2, '3.25'),
(3, 3, '30.00'),
(3, 68, '747.92'),
(3, 131, '653.04\r'),
(3, 132, '146.08\r'),
(3, 133, '146.08\r'),
(3, 202, '7.84\r'),
(3, 203, '38.14\r'),
(3, 204, '54.01\r'),
(3, 206, '4.85\r'),
(3, 283, '77.91\r'),
(3, 287, '18\r'),
(3, 291, '0.19\r'),
(4, 2, '4.25'),
(4, 3, '22.00'),
(4, 68, '810.58'),
(4, 131, '2534.13\r'),
(4, 132, '202.27\r'),
(4, 133, '202.27\r'),
(4, 202, '9.84\r'),
(4, 203, '38.5\r'),
(4, 204, '51.66\r'),
(4, 206, '4.85\r'),
(4, 283, '112.38\r'),
(4, 287, '12\r'),
(4, 291, '0.1\r'),
(5, 2, '3.5'),
(5, 3, '28.00'),
(5, 68, '639.51'),
(5, 131, '418.94\r'),
(5, 132, '26.89\r'),
(5, 133, '26.89\r'),
(5, 202, '12.28\r'),
(5, 203, '42.33\r'),
(5, 204, '45.39\r'),
(5, 206, '3.2\r'),
(5, 283, '44.77\r'),
(5, 287, '15\r'),
(5, 291, '0.06\r'),
(6, 2, '3.75'),
(6, 3, '32.00'),
(6, 68, '521.60'),
(6, 131, '985.38\r'),
(6, 132, '61.05\r'),
(6, 133, '61.05\r'),
(6, 202, '8.28\r'),
(6, 203, '35.63\r'),
(6, 204, '56.09\r'),
(6, 206, '3.4\r'),
(6, 283, '133.38\r'),
(6, 287, '15\r'),
(6, 291, '98\r'),
(7, 2, '3.75'),
(7, 3, '27.50'),
(7, 68, '747.92'),
(7, 131, '1775.5\r'),
(7, 132, '254.64\r'),
(7, 133, '254.64\r'),
(7, 202, '7.61\r'),
(7, 203, '34.08\r'),
(7, 204, '58.31\r'),
(7, 206, '3.3\r'),
(7, 283, '21.73\r'),
(7, 287, '15\r'),
(7, 291, '0.15\r'),
(8, 2, '2.1'),
(8, 3, '22.00'),
(8, 68, '829.32'),
(8, 131, '910.06\r'),
(8, 132, '35.95\r'),
(8, 133, '35.95\r'),
(8, 202, '11.63\r'),
(8, 203, '43.23\r'),
(8, 204, '45.14\r'),
(8, 206, '4.8\r'),
(8, 283, '36.45\r'),
(8, 287, '15\r'),
(8, 291, '0.24\r'),
(9, 2, '14.5'),
(9, 3, '25.00'),
(9, 68, '717.77'),
(9, 131, '219.53\r'),
(9, 132, '51.35\r'),
(9, 133, '51.35\r'),
(9, 202, '8.33\r'),
(9, 203, '35.24\r'),
(9, 204, '56.43\r'),
(9, 206, '2.3\r'),
(9, 283, '69.54\r'),
(9, 287, '12.5\r'),
(9, 291, '0.14\r'),
(10, 2, '18.5'),
(10, 3, '35.00'),
(10, 68, '508.62'),
(10, 131, '366.46\r'),
(10, 132, '52.14\r'),
(10, 133, '52.14\r'),
(10, 202, '7.04\r'),
(10, 203, '32.67\r'),
(10, 204, '60.28\r'),
(10, 206, '4.7\r'),
(10, 283, '60.47\r'),
(10, 287, '18.9\r'),
(10, 291, '99\r'),
(11, 2, '15.5'),
(11, 3, '30.00'),
(11, 68, '768.40'),
(11, 131, '819.46\r'),
(11, 132, '125.88\r'),
(11, 133, '125.88\r'),
(11, 202, '5.72\r'),
(11, 203, '28.37\r'),
(11, 204, '65.91\r'),
(11, 206, '4.8\r'),
(11, 283, '59.04\r'),
(11, 287, '14\r'),
(11, 291, '0.02\r'),
(12, 2, '12.5'),
(12, 3, '30.00'),
(12, 68, '574.25'),
(12, 131, '292.16\r'),
(12, 132, '52.14\r'),
(12, 133, '52.14\r'),
(12, 202, '6.82\r'),
(12, 203, '30.3\r'),
(12, 204, '62.88\r'),
(12, 206, '4.85\r'),
(12, 283, '78.21\r'),
(12, 287, '7.5\r'),
(12, 291, '0.11\r'),
(13, 2, '5'),
(13, 3, '25.00'),
(13, 68, '798.06'),
(13, 131, '876.21\r'),
(13, 132, '1469.15\r'),
(13, 133, '1469.15\r'),
(13, 202, '7.62\r'),
(13, 203, '33.63\r'),
(13, 204, '58.75\r'),
(13, 206, '2.2\r'),
(13, 283, '694.63\r'),
(13, 287, '16\r'),
(13, 291, '0.11\r'),
(14, 2, '4'),
(14, 3, '25.00'),
(14, 68, '699.28'),
(14, 131, '640.82\r'),
(14, 132, '148.18\r'),
(14, 133, '148.18\r'),
(14, 202, '6.95\r'),
(14, 203, '30.9\r'),
(14, 204, '62.15\r'),
(14, 206, '2.3\r'),
(14, 283, '66.12\r'),
(14, 287, '18\r'),
(14, 291, '0.22\r'),
(15, 2, '8'),
(15, 3, '35.00'),
(15, 68, '590.01'),
(15, 131, '348.97\r'),
(15, 132, '143.40\r'),
(15, 133, '143.40\r'),
(15, 202, '5.21\r'),
(15, 203, '29.73\r'),
(15, 204, '65.06\r'),
(15, 206, '5\r'),
(15, 283, '60.47\r'),
(15, 287, '16\r'),
(15, 291, '27\r'),
(16, 2, '0.25'),
(16, 3, '33.00'),
(16, 68, '788.79'),
(16, 131, '530.96\r'),
(16, 132, '144.47\r'),
(16, 133, '144.47\r'),
(16, 202, '6.41\r'),
(16, 203, '31.65\r'),
(16, 204, '61.94\r'),
(16, 206, '3.3\r'),
(16, 283, '60.47\r'),
(16, 287, '19.25\r'),
(16, 291, '0.16\r'),
(17, 2, '4'),
(17, 3, '30.00'),
(17, 68, '817.41'),
(17, 131, '515.7\r'),
(17, 132, '46.59\r'),
(17, 133, '46.59\r'),
(17, 202, '7.01\r'),
(17, 203, '30.79\r'),
(17, 204, '62.2\r'),
(17, 206, '3.3\r'),
(17, 283, '38.82\r'),
(17, 287, '18\r'),
(17, 291, '125\r'),
(18, 2, '7'),
(18, 3, '30.00'),
(18, 68, '618.95'),
(18, 131, '165.91\r'),
(18, 132, '31.86\r'),
(18, 133, '31.86\r'),
(18, 202, '6.4\r'),
(18, 203, '34.1\r'),
(18, 204, '59.51\r'),
(18, 206, '2.2\r'),
(18, 283, '56.11\r'),
(18, 287, '14\r'),
(18, 291, '0.17\r'),
(19, 2, '15.8'),
(19, 3, '35.00'),
(19, 68, '624.63'),
(19, 131, '254.51\r'),
(19, 132, '518.20\r'),
(19, 133, '518.20\r'),
(19, 202, '8.24\r'),
(19, 203, '31.52\r'),
(19, 204, '60.23\r'),
(19, 206, '2.2\r'),
(19, 283, '71.15\r'),
(19, 287, '17\r'),
(19, 291, '0.5\r'),
(20, 2, '12.82'),
(20, 3, '25.00'),
(20, 68, '846.70'),
(20, 131, '495.72\r'),
(20, 132, '769.34\r'),
(20, 133, '769.34\r'),
(20, 202, '10.61\r'),
(20, 203, '37.51\r'),
(20, 204, '51.88\r'),
(20, 206, '3.4\r'),
(20, 283, '94.04\r'),
(20, 287, '15\r'),
(20, 291, '17\r'),
(21, 2, '5'),
(21, 3, '30.00'),
(21, 68, '606.39'),
(21, 131, '198.16\r'),
(21, 132, '518.20\r'),
(21, 133, '518.20\r'),
(21, 202, '6.35\r'),
(21, 203, '30.51\r'),
(21, 204, '63.14\r'),
(21, 206, '2.3\r'),
(21, 283, '188.16\r'),
(21, 287, '18\r'),
(21, 291, '0.1\r'),
(22, 2, '4'),
(22, 3, '30.00'),
(22, 68, '754.69'),
(22, 131, '6333.62\r'),
(22, 132, '968.51\r'),
(22, 133, '968.51\r'),
(22, 202, '7.45\r'),
(22, 203, '30.75\r'),
(22, 204, '61.8\r'),
(22, 206, '4.85\r'),
(22, 283, '59.34\r'),
(22, 287, '18\r'),
(22, 291, '0.17\r'),
(23, 2, '9'),
(23, 3, '25.00'),
(23, 68, '881.96'),
(23, 131, '747.77\r'),
(23, 132, '354.24\r'),
(23, 133, '354.24\r'),
(23, 202, '7.46\r'),
(23, 203, '30.85\r'),
(23, 204, '61.69\r'),
(23, 206, '4.85\r'),
(23, 283, '74\r'),
(23, 287, '10\r'),
(23, 291, '0.36\r'),
(24, 2, '2.45'),
(24, 3, '50.00'),
(24, 68, '881.96'),
(24, 131, '1019.98\r'),
(24, 132, '759.89\r'),
(24, 133, '759.89\r'),
(24, 202, '7.74\r'),
(24, 203, '33.79\r'),
(24, 204, '58.47\r'),
(24, 206, '4.85\r'),
(24, 283, '98.23\r'),
(24, 287, '10\r'),
(24, 291, '0.17\r'),
(25, 2, '10'),
(25, 3, '31.00'),
(25, 68, '726.34'),
(25, 131, '1186.36\r'),
(25, 132, '518.20\r'),
(25, 133, '518.20\r'),
(25, 202, '6.02\r'),
(25, 203, '29.95\r'),
(25, 204, '64.03\r'),
(25, 206, '5.1\r'),
(25, 283, '71.15\r'),
(25, 287, '15\r'),
(25, 291, '0.17\r'),
(26, 2, '35'),
(26, 3, '24.00'),
(26, 68, '833.00'),
(26, 131, '1628.96\r'),
(26, 132, '38.32\r'),
(26, 133, '38.32\r'),
(26, 202, '6.71\r'),
(26, 203, '31.08\r'),
(26, 204, '62.21\r'),
(26, 206, '4\r'),
(26, 283, '63.87\r'),
(26, 287, '14.5\r'),
(26, 291, '0.02\r'),
(27, 2, '7'),
(27, 3, '30.00'),
(27, 68, '606.39'),
(27, 131, '488.19\r'),
(27, 132, '518.20\r'),
(27, 133, '518.20\r'),
(27, 202, '4.95\r'),
(27, 203, '28.08\r'),
(27, 204, '66.97\r'),
(27, 206, '4.5\r'),
(27, 283, '71.15\r'),
(27, 287, '18\r'),
(27, 291, '0.16\r'),
(28, 2, '7'),
(28, 3, '30.00'),
(28, 68, '798.06'),
(28, 131, '508.47\r'),
(28, 132, '281.31\r'),
(28, 133, '281.31\r'),
(28, 202, '7.48\r'),
(28, 203, '31.1\r'),
(28, 204, '61.42\r'),
(28, 206, '2.3\r'),
(28, 283, '71.15\r'),
(28, 287, '15\r'),
(28, 291, '0.02\r'),
(29, 2, '4.5'),
(29, 3, '30.00'),
(29, 68, '808.86'),
(29, 131, '285.63\r'),
(29, 132, '518.20\r'),
(29, 133, '518.20\r'),
(29, 202, '8.01\r'),
(29, 203, '32.93\r'),
(29, 204, '59.07\r'),
(29, 206, '3.4\r'),
(29, 283, '71.15\r'),
(29, 287, '18\r'),
(29, 291, '0.21\r'),
(30, 2, '5.25'),
(30, 3, '35.00'),
(30, 68, '808.86'),
(30, 131, '5429.09\r'),
(30, 132, '518.20\r'),
(30, 133, '518.20\r'),
(30, 202, '5.71\r'),
(30, 203, '27.15\r'),
(30, 204, '67.13\r'),
(30, 206, '4.7\r'),
(30, 283, '71.15\r'),
(30, 287, '18\r'),
(30, 291, '0.17\r'),
(31, 2, '11.5'),
(31, 3, '35.00'),
(31, 68, '808.86'),
(31, 131, '484.69\r'),
(31, 132, '518.20\r'),
(31, 133, '518.20\r'),
(31, 202, '6.85\r'),
(31, 203, '28.65\r'),
(31, 204, '64.5\r'),
(31, 206, '3.4\r'),
(31, 283, '71.15\r'),
(31, 287, '18\r'),
(31, 291, '0.26\r'),
(32, 2, '4'),
(32, 3, '30.00'),
(32, 68, '808.86'),
(32, 131, '959.64\r'),
(32, 132, '152.58\r'),
(32, 133, '152.58\r'),
(32, 202, '5.64\r'),
(32, 203, '27.47\r'),
(32, 204, '66.89\r'),
(32, 206, '4.8\r'),
(32, 283, '59.34\r'),
(32, 287, '18\r'),
(32, 291, '0.18\r'),
(33, 2, '4'),
(33, 3, '28.00'),
(33, 68, '754.69'),
(33, 131, '575.78\r'),
(33, 132, '539.76\r'),
(33, 133, '539.76\r'),
(33, 202, '5.95\r'),
(33, 203, '29.45\r'),
(33, 204, '64.59\r'),
(33, 206, '4.7\r'),
(33, 283, '71.15\r'),
(33, 287, '18\r'),
(33, 291, '0.25\r'),
(34, 2, '4'),
(34, 3, '25.00'),
(34, 68, '808.86'),
(34, 131, '959.64\r'),
(34, 132, '2178.24\r'),
(34, 133, '2178.24\r'),
(34, 202, '6.66\r'),
(34, 203, '31.69\r'),
(34, 204, '61.65\r'),
(34, 206, '4.85\r'),
(34, 283, '71.15\r'),
(34, 287, '18\r'),
(34, 291, '0.17\r'),
(35, 2, '4'),
(35, 3, '28.00'),
(35, 68, '808.86'),
(35, 131, '1046.88\r'),
(35, 132, '22.04\r'),
(35, 133, '22.04\r'),
(35, 202, '7.06\r'),
(35, 203, '32.56\r'),
(35, 204, '60.38\r'),
(35, 206, '4.85\r'),
(35, 283, '45.91\r'),
(35, 287, '18\r'),
(35, 291, '0.19\r'),
(36, 2, '8.2'),
(36, 3, '20.00'),
(36, 68, '808.86'),
(36, 131, '1100.94\r'),
(36, 132, '8.96\r'),
(36, 133, '8.96\r'),
(36, 202, '7.47\r'),
(36, 203, '31.92\r'),
(36, 204, '60.6\r'),
(36, 206, '4.85\r'),
(36, 283, '67.21\r'),
(36, 287, '20\r'),
(36, 291, '0.12\r'),
(37, 2, '15'),
(37, 3, '30.00'),
(37, 68, '808.86'),
(37, 131, '858.6\r'),
(37, 132, '518.20\r'),
(37, 133, '518.20\r'),
(37, 202, '6.92\r'),
(37, 203, '32.32\r'),
(37, 204, '60.76\r'),
(37, 206, '4.8\r'),
(37, 283, '71.15\r'),
(37, 287, '15\r'),
(37, 291, '0.28\r'),
(38, 2, '7'),
(38, 3, '25.00'),
(38, 68, '606.39'),
(38, 131, '1628.96\r'),
(38, 132, '518.20\r'),
(38, 133, '518.20\r'),
(38, 202, '7.5\r'),
(38, 203, '30.95\r'),
(38, 204, '61.55\r'),
(38, 206, '4.7\r'),
(38, 283, '71.15\r'),
(38, 287, '18\r'),
(38, 291, '0.13\r'),
(39, 2, '12.4'),
(39, 3, '25.00'),
(39, 68, '808.86'),
(39, 131, '756.3\r'),
(39, 132, '518.20\r'),
(39, 133, '518.20\r'),
(39, 202, '7.73\r'),
(39, 203, '31.83\r'),
(39, 204, '60.44\r'),
(39, 206, '3.3\r'),
(39, 283, '71.15\r'),
(39, 287, '15\r'),
(39, 291, '0.39\r'),
(40, 2, '10.25'),
(40, 3, '32.00'),
(40, 68, '616.17'),
(40, 131, '431.14\r'),
(40, 132, '192.94\r'),
(40, 133, '192.94\r'),
(40, 202, '6.36\r'),
(40, 203, '28.93\r'),
(40, 204, '64.71\r'),
(40, 206, '2.3\r'),
(40, 283, '175.25\r'),
(40, 287, '17\r'),
(40, 291, '0.06\r'),
(41, 2, '13.5'),
(41, 3, '30.00'),
(41, 68, '808.86'),
(41, 131, '6377.65\r'),
(41, 132, '518.20\r'),
(41, 133, '518.20\r'),
(41, 202, '6\r'),
(41, 203, '30.02\r'),
(41, 204, '63.98\r'),
(41, 206, '3.3\r'),
(41, 283, '71.15\r'),
(41, 287, '16.5\r'),
(41, 291, '0.17\r'),
(42, 2, '4'),
(42, 3, '30.00'),
(42, 68, '839.92'),
(42, 131, '767.71\r'),
(42, 132, '2665.48\r'),
(42, 133, '2665.48\r'),
(42, 202, '6.12\r'),
(42, 203, '24.7\r'),
(42, 204, '69.18\r'),
(42, 206, '4.7\r'),
(42, 283, '55.07\r'),
(42, 287, '19\r'),
(42, 291, '0.94\r'),
(43, 2, '7'),
(43, 3, '30.00'),
(43, 68, '808.86'),
(43, 131, '1628.96\r'),
(43, 132, '19088.99\r'),
(43, 133, '19088.99\r'),
(43, 202, '8.8\r'),
(43, 203, '31.49\r'),
(43, 204, '59.71\r'),
(43, 206, '4.85\r'),
(43, 283, '2666.24\r'),
(43, 287, '5\r'),
(43, 291, '0.17\r'),
(44, 2, '3'),
(44, 3, '19.00'),
(44, 68, '543.07'),
(44, 131, '1628.96\r'),
(44, 132, '161.94\r'),
(44, 133, '161.94\r'),
(44, 202, '6.83\r'),
(44, 203, '28.17\r'),
(44, 204, '65\r'),
(44, 206, '4.8\r'),
(44, 283, '71.15\r'),
(44, 287, '16\r'),
(44, 291, '0.1\r'),
(45, 2, '3.25'),
(45, 3, '30.00'),
(45, 68, '810.58'),
(45, 131, '1919.28\r'),
(45, 132, '518.20\r'),
(45, 133, '518.20\r'),
(45, 202, '6.62\r'),
(45, 203, '27.48\r'),
(45, 204, '65.9\r'),
(45, 206, '4.85\r'),
(45, 283, '71.15\r'),
(45, 287, '19\r'),
(45, 291, '0.17\r'),
(46, 2, '7.17'),
(46, 3, '30.00'),
(46, 68, '754.69'),
(46, 131, '493.76\r'),
(46, 132, '1132.75\r'),
(46, 133, '1132.75\r'),
(46, 202, '6.03\r'),
(46, 203, '29.72\r'),
(46, 204, '64.26\r'),
(46, 206, '4.3\r'),
(46, 283, '283.73\r'),
(46, 287, '18\r'),
(46, 291, '0.17\r'),
(47, 2, '7'),
(47, 3, '35.00'),
(47, 68, '808.86'),
(47, 131, '171.76\r'),
(47, 132, '658.59\r'),
(47, 133, '658.59\r'),
(47, 202, '6.61\r'),
(47, 203, '26.14\r'),
(47, 204, '67.24\r'),
(47, 206, '2.2\r'),
(47, 283, '52.5\r'),
(47, 287, '10\r'),
(47, 291, '1.25\r'),
(48, 2, '2.5'),
(48, 3, '10.00'),
(48, 68, '629.94'),
(48, 131, '159.73\r'),
(48, 132, '19.78\r'),
(48, 133, '19.78\r'),
(48, 202, '6.98\r'),
(48, 203, '67.46\r'),
(48, 204, '25.56\r'),
(48, 206, '4.7\r'),
(48, 283, '109.87\r'),
(48, 287, '0\r'),
(48, 291, '0.04\r'),
(49, 2, '1.5'),
(49, 3, '55.00'),
(49, 68, '757.15'),
(49, 131, '124.4\r'),
(49, 132, '505.08\r'),
(49, 133, '505.08\r'),
(49, 202, '6.6\r'),
(49, 203, '67.42\r'),
(49, 204, '25.99\r'),
(49, 206, '5.1\r'),
(49, 283, '115.97\r'),
(49, 287, '5\r'),
(49, 291, '0.12\r'),
(50, 2, '1.5'),
(50, 3, '15.00'),
(50, 68, '583.43'),
(50, 131, '43.59\r'),
(50, 132, '58.10\r'),
(50, 133, '58.10\r'),
(50, 202, '11.54\r'),
(50, 203, '56.88\r'),
(50, 204, '31.58\r'),
(50, 206, '2.3\r'),
(50, 283, '48.89\r'),
(50, 287, '0\r'),
(50, 291, '0.05\r'),
(51, 2, '1'),
(51, 3, '20.00'),
(51, 68, '608.96'),
(51, 131, '99.82\r'),
(51, 132, '9.68\r'),
(51, 133, '9.68\r'),
(51, 202, '9.66\r'),
(51, 203, '52.57\r'),
(51, 204, '37.77\r'),
(51, 206, '4.7\r'),
(51, 283, '82.85\r'),
(51, 287, '5\r'),
(51, 291, '0.07\r'),
(52, 2, '1'),
(52, 3, '0.00'),
(52, 68, '771.47'),
(52, 131, '190.67\r'),
(52, 132, '72.12\r'),
(52, 133, '72.12\r'),
(52, 202, '8.77\r'),
(52, 203, '62.33\r'),
(52, 204, '28.9\r'),
(52, 206, '3.4\r'),
(52, 283, '145.89\r'),
(52, 287, '5\r'),
(52, 291, '0.08\r'),
(53, 2, '0.5'),
(53, 3, '15.00'),
(53, 68, '554.85'),
(53, 131, '420.67\r'),
(53, 132, '27.27\r'),
(53, 133, '27.27\r'),
(53, 202, '6.89\r'),
(53, 203, '59.98\r'),
(53, 204, '33.13\r'),
(53, 206, '4.8\r'),
(53, 283, '77.91\r'),
(53, 287, '0\r'),
(53, 291, '0.15\r'),
(54, 2, '0.1'),
(54, 3, '23.00'),
(54, 68, '846.70'),
(54, 131, '18.31\r'),
(54, 132, '5.29\r'),
(54, 133, '5.29\r'),
(54, 202, '21.86\r'),
(54, 203, '35.39\r'),
(54, 204, '42.75\r'),
(54, 206, '4.7\r'),
(54, 283, '19.9\r'),
(54, 287, '17\r'),
(54, 291, '0.11\r'),
(55, 2, '9'),
(55, 3, '20.00'),
(55, 68, '836.22'),
(55, 131, '83.65\r'),
(55, 132, '122.91\r'),
(55, 133, '122.91\r'),
(55, 202, '17.88\r'),
(55, 203, '41.17\r'),
(55, 204, '40.95\r'),
(55, 206, '5.1\r'),
(55, 283, '11.1\r'),
(55, 287, '12\r'),
(55, 291, '0.05\r'),
(56, 2, '8.25'),
(56, 3, '22.00'),
(56, 68, '629.94'),
(56, 131, '70.2\r'),
(56, 132, '6.81\r'),
(56, 133, '6.81\r'),
(56, 202, '17.99\r'),
(56, 203, '41.95\r'),
(56, 204, '40.06\r'),
(56, 206, '4.85\r'),
(56, 283, '13.61\r'),
(56, 287, '18\r'),
(56, 291, '0.1\r'),
(57, 2, '8.25'),
(57, 3, '20.00'),
(57, 68, '836.22'),
(57, 131, '1642.46\r'),
(57, 132, '1488.39\r'),
(57, 133, '1488.39\r'),
(57, 202, '12.28\r'),
(57, 203, '41.24\r'),
(57, 204, '46.48\r'),
(57, 206, '3.65\r'),
(57, 283, '224.68\r'),
(57, 287, '15\r'),
(57, 291, '0.05\r'),
(58, 2, '4'),
(58, 3, '15.00'),
(58, 68, '619.88'),
(58, 131, '1236.5\r'),
(58, 132, '25.17\r'),
(58, 133, '25.17\r'),
(58, 202, '7.41\r'),
(58, 203, '35.11\r'),
(58, 204, '57.48\r'),
(58, 206, '3.3\r'),
(58, 283, '41.49\r'),
(58, 287, '13.5\r'),
(58, 291, '0.05\r'),
(59, 2, '18'),
(59, 3, '25.00'),
(59, 68, '629.94'),
(59, 131, '100.52\r'),
(59, 132, '43.22\r'),
(59, 133, '43.22\r'),
(59, 202, '14.67\r'),
(59, 203, '47.39\r'),
(59, 204, '37.94\r'),
(59, 206, '2.2\r'),
(59, 283, '10.5\r'),
(59, 287, '8\r'),
(59, 291, '0.05\r'),
(60, 2, '3'),
(60, 3, '26.00'),
(60, 68, '803.95'),
(60, 131, '189.57\r'),
(60, 132, '57.60\r'),
(60, 133, '57.60\r'),
(60, 202, '13.87\r'),
(60, 203, '41.87\r'),
(60, 204, '44.26\r'),
(60, 206, '5.9\r'),
(60, 283, '25.93\r'),
(60, 287, '19\r'),
(60, 291, '0.04\r'),
(61, 2, '4.53'),
(61, 3, '17.00'),
(61, 68, '629.94'),
(61, 131, '325.98\r'),
(61, 132, '123.40\r'),
(61, 133, '123.40\r'),
(61, 202, '16.1\r'),
(61, 203, '41.7\r'),
(61, 204, '42.2\r'),
(61, 206, '2.2\r'),
(61, 283, '40.14\r'),
(61, 287, '11\r'),
(61, 291, '0.1\r'),
(62, 2, '9.25'),
(62, 3, '22.50'),
(62, 68, '720.84'),
(62, 131, '195.34\r'),
(62, 132, '71.88\r'),
(62, 133, '71.88\r'),
(62, 202, '11.77\r'),
(62, 203, '37.58\r'),
(62, 204, '50.65\r'),
(62, 206, '4.8\r'),
(62, 283, '13.82\r'),
(62, 287, '14\r'),
(62, 291, '0.07\r'),
(63, 2, '6.75'),
(63, 3, '25.00'),
(63, 68, '717.33'),
(63, 131, '165.13\r'),
(63, 132, '9.92\r'),
(63, 133, '9.92\r'),
(63, 202, '18.93\r'),
(63, 203, '43.17\r'),
(63, 204, '37.9\r'),
(63, 206, '4.7\r'),
(63, 283, '14.28\r'),
(63, 287, '19\r'),
(63, 291, '0.11\r'),
(64, 2, '2.5'),
(64, 3, '20.00'),
(64, 68, '608.96'),
(64, 131, '157.18\r'),
(64, 132, '5.87\r'),
(64, 133, '5.87\r'),
(64, 202, '9.24\r'),
(64, 203, '38.49\r'),
(64, 204, '52.26\r'),
(64, 206, '2.3\r'),
(64, 283, '56.42\r'),
(64, 287, '16\r'),
(64, 291, '0.12\r'),
(65, 2, '1.5'),
(65, 3, '31.00'),
(65, 68, '902.77'),
(65, 131, '95.34\r'),
(65, 132, '17.39\r'),
(65, 133, '17.39\r'),
(65, 202, '16.78\r'),
(65, 203, '40.62\r'),
(65, 204, '42.6\r'),
(65, 206, '5.1\r'),
(65, 283, '33.81\r'),
(65, 287, '20\r'),
(65, 291, '0.12\r'),
(66, 2, '15'),
(66, 3, '7.50'),
(66, 68, '836.22'),
(66, 131, '355.13\r'),
(66, 132, '12.62\r'),
(66, 133, '12.62\r'),
(66, 202, '12.76\r'),
(66, 203, '42.55\r'),
(66, 204, '44.69\r'),
(66, 206, '5.1\r'),
(66, 283, '11.44\r'),
(66, 287, '15\r'),
(66, 291, '0.04\r'),
(67, 2, '3'),
(67, 3, '20.00'),
(67, 68, '545.40'),
(67, 131, '1354.94\r'),
(67, 132, '236.23\r'),
(67, 133, '236.23\r'),
(67, 202, '10.48\r'),
(67, 203, '45.67\r'),
(67, 204, '43.85\r'),
(67, 206, '4.8\r'),
(67, 283, '51.97\r'),
(67, 287, '0\r'),
(67, 291, '0.02\r'),
(68, 2, '0.05'),
(68, 3, '25.00'),
(68, 68, '808.86'),
(68, 131, '190.15\r'),
(68, 132, '255.22\r'),
(68, 133, '255.22\r'),
(68, 202, '47.23\r'),
(68, 203, '47.23\r'),
(68, 204, '47.23\r'),
(68, 206, '4.7\r'),
(68, 283, '95.07\r'),
(68, 287, '10\r'),
(68, 291, '115\r'),
(69, 2, '5'),
(69, 3, '10.00'),
(69, 68, '846.70'),
(69, 131, '37.66\r'),
(69, 132, '102.87\r'),
(69, 133, '102.87\r'),
(69, 202, '12.48\r'),
(69, 203, '39.33\r'),
(69, 204, '48.2\r'),
(69, 206, '3.3\r'),
(69, 283, '28.7\r'),
(69, 287, '12\r'),
(69, 291, '115\r'),
(70, 2, '10.75'),
(70, 3, '23.00'),
(70, 68, '713.54'),
(70, 131, '1280.15\r'),
(70, 132, '402.61\r'),
(70, 133, '402.61\r'),
(70, 202, '9.21\r'),
(70, 203, '36.27\r'),
(70, 204, '54.52\r'),
(70, 206, '2.3\r'),
(70, 283, '35.58\r'),
(70, 287, '18\r'),
(70, 291, '115\r'),
(71, 2, '27'),
(71, 3, '20.00'),
(71, 68, '822.79'),
(71, 131, '2702.99\r'),
(71, 132, '2114.29\r'),
(71, 133, '2114.29\r'),
(71, 202, '6.82\r'),
(71, 203, '33.81\r'),
(71, 204, '59.37\r'),
(71, 206, '6.7\r'),
(71, 283, '2466.67\r'),
(71, 287, '5\r'),
(71, 291, '0.12\r'),
(72, 2, '7.125'),
(72, 3, '28.00'),
(72, 68, '564.61'),
(72, 131, '1088.23\r'),
(72, 132, '39.58\r'),
(72, 133, '39.58\r'),
(72, 202, '10.94\r'),
(72, 203, '40.12\r'),
(72, 204, '48.94\r'),
(72, 206, '4.7\r'),
(72, 283, '6.6\r'),
(72, 287, '7.5\r'),
(72, 291, '0.78\r'),
(73, 2, '3.5'),
(73, 3, '30.00'),
(73, 68, '726.34'),
(73, 131, '535.07\r'),
(73, 132, '9.97\r'),
(73, 133, '9.97\r'),
(73, 202, '23.52\r'),
(73, 203, '43.9\r'),
(73, 204, '32.58\r'),
(73, 206, '4.8\r'),
(73, 283, '56.73\r'),
(73, 287, '12.5\r'),
(73, 291, '0.05\r'),
(74, 2, '4'),
(74, 3, '0.00'),
(74, 68, '742.62'),
(74, 131, '731.64\r'),
(74, 132, '80.69\r'),
(74, 133, '80.69\r'),
(74, 202, '17.24\r'),
(74, 203, '43.38\r'),
(74, 204, '39.38\r'),
(74, 206, '3.3\r'),
(74, 283, '82.56\r'),
(74, 287, '12\r'),
(74, 291, '0.3\r'),
(75, 2, '0'),
(75, 3, '33.00'),
(75, 68, '742.62'),
(75, 131, '1389.28\r'),
(75, 132, '33.70\r'),
(75, 133, '33.70\r'),
(75, 202, '22.11\r'),
(75, 203, '44.16\r'),
(75, 204, '33.73\r'),
(75, 206, '3.3\r'),
(75, 283, '76.58\r'),
(75, 287, '17\r'),
(75, 291, '0.14\r'),
(76, 2, '6.5'),
(76, 3, '25.00'),
(76, 68, '742.62'),
(76, 131, '899.89\r'),
(76, 132, '35.44\r'),
(76, 133, '35.44\r'),
(76, 202, '20.25\r'),
(76, 203, '42.96\r'),
(76, 204, '36.79\r'),
(76, 206, '3.3\r'),
(76, 283, '82.14\r'),
(76, 287, '15\r'),
(76, 291, '0.14\r'),
(77, 2, '1.36'),
(77, 3, '25.00'),
(77, 68, '788.79'),
(77, 131, '1358.67\r'),
(77, 132, '33.98\r'),
(77, 133, '33.98\r'),
(77, 202, '16.84\r'),
(77, 203, '40.3\r'),
(77, 204, '42.86\r'),
(77, 206, '2.3\r'),
(77, 283, '47.45\r'),
(77, 287, '7\r'),
(77, 291, '0.2\r'),
(78, 2, '0.5'),
(78, 3, '27.00'),
(78, 68, '788.79'),
(78, 131, '131.74\r'),
(78, 132, '2.31\r'),
(78, 133, '2.31\r'),
(78, 202, '23.33\r'),
(78, 203, '43.58\r'),
(78, 204, '33.09\r'),
(78, 206, '3.4\r'),
(78, 283, '33.99\r'),
(78, 287, '19\r'),
(78, 291, '0.14\r'),
(79, 2, '5.89'),
(79, 3, '27.00'),
(79, 68, '788.79'),
(79, 131, '148.16\r'),
(79, 132, '5.22\r'),
(79, 133, '5.22\r'),
(79, 202, '25.84\r'),
(79, 203, '39.44\r'),
(79, 204, '34.72\r'),
(79, 206, '2.8\r'),
(79, 283, '40.1\r'),
(79, 287, '22\r'),
(79, 291, '0.09\r'),
(80, 2, '4.5'),
(80, 3, '30.00'),
(80, 68, '788.79'),
(80, 131, '561.4\r'),
(80, 132, '4.97\r'),
(80, 133, '4.97\r'),
(80, 202, '15.76\r'),
(80, 203, '41.22\r'),
(80, 204, '43.01\r'),
(80, 206, '3.4\r'),
(80, 283, '33.15\r'),
(80, 287, '16\r'),
(80, 291, '0.15\r'),
(81, 2, '6.5'),
(81, 3, '27.00'),
(81, 131, '89.72\r'),
(81, 132, '53.68\r'),
(81, 133, '53.68\r'),
(81, 202, '15.47\r'),
(81, 203, '39.59\r'),
(81, 204, '44.94\r'),
(81, 206, '2.2\r'),
(81, 283, '26.52\r'),
(81, 287, '18\r'),
(81, 291, '0.14\r'),
(82, 2, '38'),
(82, 3, '30.00'),
(82, 68, '968.76'),
(82, 131, '185.47\r'),
(82, 132, '10.57\r'),
(82, 133, '10.57\r'),
(82, 202, '20.23\r'),
(82, 203, '39.81\r'),
(82, 204, '39.96\r'),
(82, 206, '3.3\r'),
(82, 283, '13.69\r'),
(82, 287, '21\r'),
(82, 291, '0.05\r'),
(83, 2, '7'),
(83, 3, '5.50'),
(83, 68, '742.62'),
(83, 131, '1559.79\r'),
(83, 132, '12.75\r'),
(83, 133, '12.75\r'),
(83, 202, '30.22\r'),
(83, 203, '39.89\r'),
(83, 204, '29.89\r'),
(83, 206, '3.4\r'),
(83, 283, '59.46\r'),
(83, 287, '17.5\r'),
(83, 291, '0.26\r'),
(84, 2, '7.5'),
(84, 3, '30.00'),
(84, 68, '788.79'),
(84, 131, '410.36\r'),
(84, 132, '38.29\r'),
(84, 133, '38.29\r'),
(84, 202, '20.89\r'),
(84, 203, '43.29\r'),
(84, 204, '35.82\r'),
(84, 206, '5.1\r'),
(84, 283, '43.22\r'),
(84, 287, '13\r'),
(84, 291, '0.21\r'),
(85, 2, '0'),
(85, 3, '28.00'),
(85, 68, '868.58'),
(85, 131, '836.88\r'),
(85, 132, '31.36\r'),
(85, 133, '31.36\r'),
(85, 202, '20.41\r'),
(85, 203, '41.4\r'),
(85, 204, '38.19\r'),
(85, 206, '3.4\r'),
(85, 283, '42.55\r'),
(85, 287, '15\r'),
(85, 291, '0.13\r'),
(86, 2, '5'),
(86, 3, '25.00'),
(86, 68, '788.79'),
(86, 131, '852.07\r'),
(86, 132, '109.06\r'),
(86, 133, '109.06\r'),
(86, 202, '15.49\r'),
(86, 203, '37.42\r'),
(86, 204, '47.09\r'),
(86, 206, '2.3\r'),
(86, 283, '54.66\r'),
(86, 287, '14\r'),
(86, 291, '0.35\r'),
(87, 2, '2'),
(87, 3, '34.00'),
(87, 68, '788.79'),
(87, 131, '128.14\r'),
(87, 132, '7.11\r'),
(87, 133, '7.11\r'),
(87, 202, '19.5\r'),
(87, 203, '44.09\r'),
(87, 204, '36.41\r'),
(87, 206, '4.85\r'),
(87, 283, '28.24\r'),
(87, 287, '15\r'),
(87, 291, '0.12\r'),
(88, 2, '2'),
(88, 3, '32.00'),
(88, 68, '742.62'),
(88, 131, '642.54\r'),
(88, 132, '12.45\r'),
(88, 133, '12.45\r'),
(88, 202, '18.34\r'),
(88, 203, '42.44\r'),
(88, 204, '39.22\r'),
(88, 206, '5.1\r'),
(88, 283, '25.05\r'),
(88, 287, '19\r'),
(88, 291, '0.14\r'),
(89, 2, '25'),
(89, 3, '36.00'),
(89, 68, '788.79'),
(89, 131, '735.62\r'),
(89, 132, '33.02\r'),
(89, 133, '33.02\r'),
(89, 202, '16.27\r'),
(89, 203, '40.13\r'),
(89, 204, '43.6\r'),
(89, 206, '2.3\r'),
(89, 283, '39.82\r'),
(89, 287, '10\r'),
(89, 291, '0.13\r'),
(90, 2, '0.25'),
(90, 3, '29.50'),
(90, 68, '788.79'),
(90, 131, '343.88\r'),
(90, 132, '13.38\r'),
(90, 133, '13.38\r'),
(90, 202, '17.12\r'),
(90, 203, '42.88\r'),
(90, 204, '40\r'),
(90, 206, '4.8\r'),
(90, 283, '26.17\r'),
(90, 287, '18\r'),
(90, 291, '0.14\r'),
(91, 2, '8.56'),
(91, 3, '30.00'),
(91, 68, '742.62'),
(91, 131, '509.82\r'),
(91, 132, '13.07\r'),
(91, 133, '13.07\r'),
(91, 202, '20.88\r'),
(91, 203, '45.35\r'),
(91, 204, '33.77\r'),
(91, 206, '4.7\r'),
(91, 283, '49.95\r'),
(91, 287, '12.5\r'),
(91, 291, '0.13\r'),
(92, 2, '0.75'),
(92, 3, '10.00'),
(92, 68, '788.79'),
(92, 131, '494.72\r'),
(92, 132, '9.23\r'),
(92, 133, '9.23\r'),
(92, 202, '13.51\r'),
(92, 203, '38.85\r'),
(92, 204, '47.64\r'),
(92, 206, '3.3\r'),
(92, 283, '24.46\r'),
(92, 287, '10\r'),
(92, 291, '0.05\r'),
(93, 2, '6.5'),
(93, 3, '30.00'),
(93, 68, '742.62'),
(93, 131, '519.44\r'),
(93, 132, '6.66\r'),
(93, 133, '6.66\r'),
(93, 202, '20.81\r'),
(93, 203, '40.73\r'),
(93, 204, '38.46\r'),
(93, 206, '3.4\r'),
(93, 283, '83.25\r'),
(93, 287, '15\r'),
(93, 291, '0\r'),
(94, 2, '7.5'),
(94, 3, '25.00'),
(94, 68, '788.79'),
(94, 131, '767.62\r'),
(94, 132, '21.71\r'),
(94, 133, '21.71\r'),
(94, 202, '20.23\r'),
(94, 203, '44.13\r'),
(94, 204, '35.64\r'),
(94, 206, '2.3\r'),
(94, 283, '51.43\r'),
(94, 287, '15\r'),
(94, 291, '0.13\r'),
(95, 2, '9.12'),
(95, 3, '25.00'),
(95, 68, '794.57'),
(95, 131, '539.92\r'),
(95, 132, '30.52\r'),
(95, 133, '30.52\r'),
(95, 202, '15.12\r'),
(95, 203, '39.76\r'),
(95, 204, '45.12\r'),
(95, 206, '4.7\r'),
(95, 283, '43.87\r'),
(95, 287, '12\r'),
(95, 291, '0.09\r'),
(96, 2, '0.5'),
(96, 3, '25.00'),
(96, 68, '788.79'),
(96, 131, '358.13\r'),
(96, 132, '57.47\r'),
(96, 133, '57.47\r'),
(96, 202, '18.31\r'),
(96, 203, '41.42\r'),
(96, 204, '40.27\r'),
(96, 206, '3.4\r'),
(96, 283, '47.57\r'),
(96, 287, '15\r'),
(96, 291, '0.23\r'),
(97, 2, '7.53'),
(97, 3, '25.00'),
(97, 68, '788.79'),
(97, 131, '306.8\r'),
(97, 132, '93.33\r'),
(97, 133, '93.33\r'),
(97, 202, '9.85\r'),
(97, 203, '35.88\r'),
(97, 204, '54.26\r'),
(97, 206, '4.85\r'),
(97, 283, '38.13\r'),
(97, 287, '12\r'),
(97, 291, '0.16\r'),
(98, 2, '4.18'),
(98, 3, '15.00'),
(98, 68, '788.79'),
(98, 131, '1946.47\r'),
(98, 132, '1200.00\r'),
(98, 133, '1200.00\r'),
(98, 202, '29.81\r'),
(98, 203, '42.41\r'),
(98, 204, '27.79\r'),
(98, 206, '4.3\r'),
(98, 283, '52.03\r'),
(98, 287, '20\r'),
(98, 291, '0.18\r'),
(99, 2, '8.76'),
(99, 3, '25.00'),
(99, 68, '788.79'),
(99, 131, '484\r'),
(99, 132, '39.81\r'),
(99, 133, '39.81\r'),
(99, 202, '15.64\r'),
(99, 203, '35.25\r'),
(99, 204, '49.12\r'),
(99, 206, '4.8\r'),
(99, 283, '62.54\r'),
(99, 287, '12.5\r'),
(99, 291, '0.18\r'),
(100, 2, '4.18'),
(100, 3, '30.00'),
(100, 68, '788.79'),
(100, 131, '266.6\r'),
(100, 132, '55.31\r'),
(100, 133, '55.31\r'),
(100, 202, '16.14\r'),
(100, 203, '38.44\r'),
(100, 204, '45.42\r'),
(100, 206, '4.85\r'),
(100, 283, '41.96\r'),
(100, 287, '13\r'),
(100, 291, '0.18\r'),
(101, 2, '2.5'),
(101, 3, '25.00'),
(101, 68, '788.79'),
(101, 131, '882.46\r'),
(101, 132, '92.40\r'),
(101, 133, '92.40\r'),
(101, 202, '13.82\r'),
(101, 203, '37.11\r'),
(101, 204, '49.07\r'),
(101, 206, '4.7\r'),
(101, 283, '41.53\r'),
(101, 287, '13\r'),
(101, 291, '0.13\r'),
(102, 2, '3.75'),
(102, 3, '25.00'),
(102, 68, '788.79'),
(102, 131, '492.36\r'),
(102, 132, '36.80\r'),
(102, 133, '36.80\r'),
(102, 202, '10.39\r'),
(102, 203, '38.27\r'),
(102, 204, '51.34\r'),
(102, 206, '5.1\r'),
(102, 283, '60\r'),
(102, 287, '15\r'),
(102, 291, '0.21\r'),
(103, 2, '2.42'),
(103, 3, '30.00'),
(103, 68, '788.79'),
(103, 131, '305.97\r'),
(103, 132, '66.75\r'),
(103, 133, '66.75\r'),
(103, 202, '12.21\r'),
(103, 203, '40.36\r'),
(103, 204, '47.43\r'),
(103, 206, '3.6\r'),
(103, 283, '56.5\r'),
(103, 287, '15\r'),
(103, 291, '0.23\r'),
(104, 2, '38.98'),
(104, 3, '34.00'),
(104, 68, '788.79'),
(104, 131, '1632\r'),
(104, 132, '62.11\r'),
(104, 133, '62.11\r'),
(104, 202, '17.09\r'),
(104, 203, '39.46\r'),
(104, 204, '43.45\r'),
(104, 206, '3.9\r'),
(104, 283, '52.03\r'),
(104, 287, '16\r'),
(104, 291, '0.12\r'),
(105, 2, '17'),
(105, 3, '30.00'),
(105, 68, '788.79'),
(105, 131, '532.92\r'),
(105, 132, '92.93\r'),
(105, 133, '92.93\r'),
(105, 202, '10.95\r'),
(105, 203, '37.19\r'),
(105, 204, '51.85\r'),
(105, 206, '4.7\r'),
(105, 283, '124.5\r'),
(105, 287, '10\r'),
(105, 291, '0.18\r'),
(106, 2, '0.16'),
(106, 3, '17.00'),
(106, 68, '742.62'),
(106, 131, '142.11\r'),
(106, 132, '0.38\r'),
(106, 133, '0.38\r'),
(106, 202, '29.14\r'),
(106, 203, '47.24\r'),
(106, 204, '23.63\r'),
(106, 206, '5.1\r'),
(106, 283, '43.8\r'),
(106, 287, '7\r'),
(106, 291, '0.15\r'),
(107, 2, '5.5'),
(107, 3, '18.50'),
(107, 68, '742.62'),
(107, 131, '152.24\r'),
(107, 132, '38.55\r'),
(107, 133, '38.55\r'),
(107, 202, '14.58\r'),
(107, 203, '47.33\r'),
(107, 204, '38.09\r'),
(107, 206, '3.3\r'),
(107, 283, '157.02\r'),
(107, 287, '0\r'),
(107, 291, '0.15\r'),
(108, 2, '0.25'),
(108, 3, '30.00'),
(108, 68, '1258.95'),
(108, 131, '33.72\r'),
(108, 132, '20.82\r'),
(108, 133, '20.82\r'),
(108, 202, '27.85\r'),
(108, 203, '40.64\r'),
(108, 204, '31.51\r'),
(108, 206, '4.85\r'),
(108, 283, '48.35\r'),
(108, 287, '10\r'),
(108, 291, '0.2\r'),
(109, 2, '0.1'),
(109, 3, '30.62'),
(109, 68, '936.63'),
(109, 131, '396.54\r'),
(109, 132, '27.71\r'),
(109, 133, '27.71\r'),
(109, 202, '40.56\r'),
(109, 203, '37.74\r'),
(109, 204, '21.7\r'),
(109, 206, '4.85\r'),
(109, 283, '40.33\r'),
(109, 287, '8\r'),
(109, 291, '0.22\r'),
(110, 2, '0.5'),
(110, 3, '25.00'),
(110, 68, '1079.73'),
(110, 131, '33.44\r'),
(110, 132, '3.78\r'),
(110, 133, '3.78\r'),
(110, 202, '31.27\r'),
(110, 203, '45.08\r'),
(110, 204, '23.65\r'),
(110, 206, '4.85\r'),
(110, 283, '25.52\r'),
(110, 287, '10\r'),
(110, 291, '0.1\r'),
(111, 2, '0.25'),
(111, 3, '28.00'),
(111, 68, '742.62'),
(111, 131, '383.45\r'),
(111, 132, '10.79\r'),
(111, 133, '10.79\r'),
(111, 202, '28.78\r'),
(111, 203, '38.77\r'),
(111, 204, '32.45\r'),
(111, 206, '3.3\r'),
(111, 283, '54\r'),
(111, 287, '15\r'),
(111, 291, '0.12\r'),
(112, 2, '1.75'),
(112, 3, '24.00'),
(112, 68, '1090.05'),
(112, 131, '161.51\r'),
(112, 132, '2.91\r'),
(112, 133, '2.91\r'),
(112, 202, '15.51\r'),
(112, 203, '43.95\r'),
(112, 204, '40.54\r'),
(112, 206, '2.2\r'),
(112, 283, '31.75\r'),
(112, 287, '10\r'),
(112, 291, '0.1\r'),
(113, 2, '5.13'),
(113, 3, '33.00'),
(113, 68, '883.95'),
(113, 131, '658.3\r'),
(113, 132, '150.97\r'),
(113, 133, '150.97\r'),
(113, 202, '19.25\r'),
(113, 203, '43.98\r'),
(113, 204, '36.77\r'),
(113, 206, '3.3\r'),
(113, 283, '122.72\r'),
(113, 287, '20\r'),
(113, 291, '0.12\r'),
(114, 2, '10'),
(114, 3, '15.00'),
(114, 68, '742.62'),
(114, 131, '391.36\r'),
(114, 132, '70.82\r'),
(114, 133, '70.82\r'),
(114, 202, '8.57\r'),
(114, 203, '57.52\r'),
(114, 204, '33.91\r'),
(114, 206, '3.3\r'),
(114, 283, '88.53\r'),
(114, 287, '6\r'),
(114, 291, '0.12\r'),
(115, 2, '0.5'),
(115, 3, '20.00'),
(115, 68, '915.02'),
(115, 131, '129.27\r'),
(115, 132, '2.58\r'),
(115, 133, '2.58\r'),
(115, 202, '26.5\r'),
(115, 203, '43.79\r'),
(115, 204, '29.71\r'),
(115, 206, '3.4\r'),
(115, 283, '23.82\r'),
(115, 287, '7\r'),
(115, 291, '0.12\r'),
(116, 2, '3.85'),
(116, 3, '25.00'),
(116, 68, '742.62'),
(116, 131, '19.28\r'),
(116, 132, '2.86\r'),
(116, 133, '2.86\r'),
(116, 202, '24.21\r'),
(116, 203, '46.3\r'),
(116, 204, '29.49\r'),
(116, 206, '2.3\r'),
(116, 283, '31.41\r'),
(116, 287, '13.9\r'),
(116, 291, '0.1\r'),
(117, 2, '9'),
(117, 3, '25.00'),
(117, 68, '742.62'),
(117, 131, '132.93\r'),
(117, 132, '40.59\r'),
(117, 133, '40.59\r'),
(117, 202, '11.73\r'),
(117, 203, '43.53\r'),
(117, 204, '44.73\r'),
(117, 206, '3.4\r'),
(117, 283, '12.59\r'),
(117, 287, '10\r'),
(117, 291, '0.94\r'),
(118, 2, '4'),
(118, 3, '25.00'),
(118, 68, '903.40'),
(118, 131, '137.47\r'),
(118, 132, '8.23\r'),
(118, 133, '8.23\r'),
(118, 202, '14.89\r'),
(118, 203, '42.37\r'),
(118, 204, '42.74\r'),
(118, 206, '2.3\r'),
(118, 283, '30.02\r'),
(118, 287, '10\r'),
(118, 291, '0.07\r'),
(119, 2, '4.5'),
(119, 3, '28.00'),
(119, 68, '902.44'),
(119, 131, '92.51\r'),
(119, 132, '27.18\r'),
(119, 133, '27.18\r'),
(119, 202, '22.21\r'),
(119, 203, '39.34\r'),
(119, 204, '38.44\r'),
(119, 206, '2.2\r'),
(119, 283, '27.4\r'),
(119, 287, '8\r'),
(119, 291, '0.07\r'),
(120, 2, '0.25'),
(120, 3, '20.00'),
(120, 68, '742.62'),
(120, 131, '75.31\r'),
(120, 132, '790.03\r'),
(120, 133, '790.03\r'),
(120, 202, '14.54\r'),
(120, 203, '40.04\r'),
(120, 204, '45.42\r'),
(120, 206, '3.3\r'),
(120, 283, '55.42\r'),
(120, 287, '9\r'),
(120, 291, '0.43\r'),
(121, 2, '6.86'),
(121, 3, '30.00'),
(121, 68, '810.01'),
(121, 131, '191.69\r'),
(121, 132, '62.52\r'),
(121, 133, '62.52\r'),
(121, 202, '12.29\r'),
(121, 203, '44.15\r'),
(121, 204, '43.56\r'),
(121, 206, '2.2\r'),
(121, 283, '10.42\r'),
(121, 287, '50\r'),
(121, 291, '0.02\r'),
(122, 2, '2.25'),
(122, 3, '30.00'),
(122, 68, '962.88'),
(122, 131, '303.3\r'),
(122, 132, '12.09\r'),
(122, 133, '12.09\r'),
(122, 202, '12.49\r'),
(122, 203, '38.7\r'),
(122, 204, '48.81\r'),
(122, 206, '4.85\r'),
(122, 283, '39.29\r'),
(122, 287, '12\r'),
(122, 291, '0.14\r'),
(123, 2, '4'),
(123, 3, '10.00'),
(123, 68, '1290.22'),
(123, 131, '5048.59\r'),
(123, 132, '27.18\r'),
(123, 133, '27.18\r'),
(123, 202, '14.62\r'),
(123, 203, '42.92\r'),
(123, 204, '42.46\r'),
(123, 206, '2.2\r'),
(123, 283, '27.4\r'),
(123, 287, '10\r'),
(123, 291, '0.14\r'),
(124, 2, '4'),
(124, 3, '30.00'),
(124, 68, '860.55'),
(124, 131, '26.07\r'),
(124, 132, '5.97\r'),
(124, 133, '5.97\r'),
(124, 202, '14.41\r'),
(124, 203, '41.42\r'),
(124, 204, '44.17\r'),
(124, 206, '3.4\r'),
(124, 283, '12.9\r'),
(124, 287, '28\r'),
(124, 291, '0.11\r'),
(125, 2, '3'),
(125, 3, '24.00'),
(125, 68, '1079.73'),
(125, 131, '557.25\r'),
(125, 132, '51.98\r'),
(125, 133, '51.98\r'),
(125, 202, '10.06\r'),
(125, 203, '38.74\r'),
(125, 204, '51.2\r'),
(125, 206, '5.1\r'),
(125, 283, '47.24\r'),
(125, 287, '10\r'),
(125, 291, '0.11\r'),
(126, 2, '4.5'),
(126, 3, '20.00'),
(126, 68, '926.27'),
(126, 131, '61.92\r'),
(126, 132, '2.85\r'),
(126, 133, '2.85\r'),
(126, 202, '17.7\r'),
(126, 203, '45.42\r'),
(126, 204, '36.88\r'),
(126, 206, '3.9\r'),
(126, 283, '11.23\r'),
(126, 287, '10\r'),
(126, 291, '0.08\r'),
(127, 2, '10'),
(127, 3, '25.00'),
(127, 68, '603.61'),
(127, 131, '120.81\r'),
(127, 132, '26.91\r'),
(127, 133, '26.91\r'),
(127, 202, '14.64\r'),
(127, 203, '41.81\r'),
(127, 204, '43.55\r'),
(127, 206, '2.3\r'),
(127, 283, '36.82\r'),
(127, 287, '5\r'),
(127, 291, '0.12\r'),
(128, 2, '2.6'),
(128, 3, '25.00'),
(128, 68, '742.62'),
(128, 131, '773.64\r'),
(128, 132, '335.94\r'),
(128, 133, '335.94\r'),
(128, 202, '12.36\r'),
(128, 203, '32.9\r'),
(128, 204, '54.74\r'),
(128, 206, '3.3\r'),
(128, 283, '51.06\r'),
(128, 287, '15\r'),
(128, 291, '4.48\r'),
(129, 2, '0'),
(129, 3, '27.00'),
(129, 68, '742.62'),
(129, 131, '2467.71\r'),
(129, 132, '974.37\r'),
(129, 133, '974.37\r'),
(129, 202, '11.82\r'),
(129, 203, '32.89\r'),
(129, 204, '55.29\r'),
(129, 206, '3.4\r'),
(129, 283, '85\r'),
(129, 287, '15\r'),
(129, 291, '0.15\r'),
(130, 2, '7'),
(130, 3, '35.00'),
(130, 68, '587.87'),
(130, 131, '145.61\r'),
(130, 132, '14.95\r'),
(130, 133, '14.95\r'),
(130, 202, '9.86\r'),
(130, 203, '35.97\r'),
(130, 204, '54.17\r'),
(130, 206, '4.7\r'),
(130, 283, '17.55\r'),
(130, 287, '17\r'),
(130, 291, '0.15\r'),
(131, 2, '5'),
(131, 3, '25.00'),
(131, 68, '743.81'),
(131, 131, '234.08\r'),
(131, 132, '26.30\r'),
(131, 133, '26.30\r'),
(131, 202, '12.03\r'),
(131, 203, '42.5\r'),
(131, 204, '45.47\r'),
(131, 206, '3.65\r'),
(131, 283, '27.35\r'),
(131, 287, '15\r'),
(131, 291, '0.1\r'),
(132, 2, '11.69'),
(132, 3, '10.00'),
(132, 68, '742.62'),
(132, 131, '473.19\r'),
(132, 132, '335.94\r'),
(132, 133, '335.94\r'),
(132, 202, '9.63\r'),
(132, 203, '32.09\r'),
(132, 204, '58.28\r'),
(132, 206, '2.2\r'),
(132, 283, '57.33\r'),
(132, 287, '2.5\r'),
(132, 291, '0.15\r'),
(133, 2, '7.5'),
(133, 3, '20.00'),
(133, 68, '680.91'),
(133, 131, '275.09\r'),
(133, 132, '34.56\r'),
(133, 133, '34.56\r'),
(133, 202, '15.86\r'),
(133, 203, '35.34\r'),
(133, 204, '48.8\r'),
(133, 206, '4.85\r'),
(133, 283, '32.63\r'),
(133, 287, '10\r'),
(133, 291, '0.15\r'),
(134, 2, '6'),
(134, 3, '30.00'),
(134, 68, '742.62'),
(134, 131, '944.86\r'),
(134, 132, '335.94\r'),
(134, 133, '335.94\r'),
(134, 202, '18.67\r'),
(134, 203, '36.13\r'),
(134, 204, '45.2\r'),
(134, 206, '3.4\r'),
(134, 283, '51.06\r'),
(134, 287, '5\r'),
(134, 291, '0.14\r'),
(135, 2, '3'),
(135, 3, '30.00'),
(135, 68, '832.48'),
(135, 131, '1227.63\r'),
(135, 132, '311.42\r'),
(135, 133, '311.42\r'),
(135, 202, '9.13\r'),
(135, 203, '36.05\r'),
(135, 204, '54.82\r'),
(135, 206, '3.4\r'),
(135, 283, '51.06\r'),
(135, 287, '10\r'),
(135, 291, '0.15\r'),
(136, 2, '11'),
(136, 3, '3.00'),
(136, 68, '742.62'),
(136, 131, '944.86\r'),
(136, 132, '1625.00\r'),
(136, 133, '1625.00\r'),
(136, 202, '17.65\r'),
(136, 203, '49.16\r'),
(136, 204, '68.49\r'),
(136, 206, '2.3\r'),
(136, 283, '86.2\r'),
(136, 287, '7.8\r'),
(136, 291, '0.15\r'),
(137, 2, '7.6'),
(137, 3, '3.00'),
(137, 68, '742.62'),
(137, 131, '1634.67\r'),
(137, 132, '423.87\r'),
(137, 133, '423.87\r'),
(137, 202, '11.91\r'),
(137, 203, '36.8\r'),
(137, 204, '51.29\r'),
(137, 206, '4.8\r'),
(137, 283, '81\r'),
(137, 287, '5\r'),
(137, 291, '0.11\r'),
(138, 2, '2.13'),
(138, 3, '25.00'),
(138, 68, '743.81'),
(138, 131, '180.6\r'),
(138, 132, '5.92\r'),
(138, 133, '5.92\r'),
(138, 202, '12.24\r'),
(138, 203, '36.95\r'),
(138, 204, '50.81\r'),
(138, 206, '5.1\r'),
(138, 283, '12.05\r'),
(138, 287, '13\r'),
(138, 291, '0.08\r'),
(139, 2, '2.25'),
(139, 3, '0.00'),
(139, 68, '726.64'),
(139, 131, '964.16\r'),
(139, 132, '1104.89\r'),
(139, 133, '1104.89\r'),
(139, 202, '8.73\r'),
(139, 203, '34.71\r'),
(139, 204, '56.56\r'),
(139, 206, '4.8\r'),
(139, 283, '95.25\r'),
(139, 287, '10\r'),
(139, 291, '0.43\r'),
(140, 2, '10.81'),
(140, 3, '30.00'),
(140, 68, '742.62'),
(140, 131, '1937.45\r'),
(140, 132, '518.20\r'),
(140, 133, '518.20\r'),
(140, 202, '8.23\r'),
(140, 203, '32.66\r'),
(140, 204, '59.11\r'),
(140, 206, '4.7\r'),
(140, 283, '71.15\r'),
(140, 287, '10\r'),
(140, 291, '0.82\r'),
(141, 2, '6'),
(141, 3, '35.00'),
(141, 68, '678.78'),
(141, 131, '723.25\r'),
(141, 132, '335.94\r'),
(141, 133, '335.94\r'),
(141, 202, '10.56\r'),
(141, 203, '35.86\r'),
(141, 204, '53.57\r'),
(141, 206, '4.8\r'),
(141, 283, '51.06\r'),
(141, 287, '16.6\r'),
(141, 291, '0.15\r'),
(142, 2, '15'),
(142, 3, '20.00'),
(142, 68, '609.75'),
(142, 131, '769.3\r'),
(142, 132, '450.05\r'),
(142, 133, '450.05\r'),
(142, 202, '6.3\r'),
(142, 203, '29.9\r'),
(142, 204, '63.8\r'),
(142, 206, '8\r'),
(142, 283, '25.87\r'),
(142, 287, '5\r'),
(142, 291, '0.16\r'),
(143, 131, '100\r'),
(143, 132, '0.00\r'),
(143, 133, '0.00\r'),
(143, 202, '20.81\r'),
(143, 203, '44.54\r'),
(143, 204, '34.65\r'),
(143, 206, '3.4\r'),
(143, 283, '0\r'),
(143, 287, '0\r'),
(143, 291, '0.15\r'),
(144, 2, '0.25'),
(144, 3, '12.50'),
(144, 68, '846.70'),
(144, 131, '221.15\r'),
(144, 132, '34.31\r'),
(144, 133, '34.31\r'),
(144, 202, '31.33\r'),
(144, 203, '41.61\r'),
(144, 204, '27.06\r'),
(144, 206, '4.85\r'),
(144, 283, '66.99\r'),
(144, 287, '7.7\r'),
(144, 291, '0.17\r'),
(145, 2, '0.25'),
(145, 3, '33.00'),
(145, 68, '846.70'),
(145, 131, '53.91\r'),
(145, 132, '2.71\r'),
(145, 133, '2.71\r'),
(145, 202, '59.43\r'),
(145, 203, '25.18\r'),
(145, 204, '15.39\r'),
(145, 206, '4.8\r'),
(145, 283, '34.49\r'),
(145, 287, '20\r'),
(145, 291, '0.16\r'),
(146, 2, '0.25'),
(146, 3, '24.94'),
(146, 68, '902.77'),
(146, 131, '269.13\r'),
(146, 132, '10.68\r'),
(146, 133, '10.68\r'),
(146, 202, '26.76\r'),
(146, 203, '45.82\r'),
(146, 204, '27.42\r'),
(146, 206, '5.1\r'),
(146, 283, '48.16\r'),
(146, 287, '17\r'),
(146, 291, '0.15\r'),
(147, 2, '0.25'),
(147, 3, '12.50'),
(147, 68, '883.95'),
(147, 131, '162.32\r'),
(147, 132, '5.32\r'),
(147, 133, '5.32\r'),
(147, 202, '25.49\r'),
(147, 203, '41.5\r'),
(147, 204, '33.02\r'),
(147, 206, '5.1\r'),
(147, 283, '57.32\r'),
(147, 287, '23\r'),
(147, 291, '0.16\r'),
(148, 2, '0.25'),
(148, 3, '22.00'),
(148, 68, '873.87'),
(148, 131, '221.64\r'),
(148, 132, '2150.77\r'),
(148, 133, '2150.77\r'),
(148, 202, '29.45\r'),
(148, 203, '40.84\r'),
(148, 204, '29.71\r'),
(148, 206, '2.3\r'),
(148, 283, '70.97\r'),
(148, 287, '25\r'),
(148, 291, '0.08\r'),
(149, 2, '0.75'),
(149, 3, '14.84'),
(149, 68, '854.50'),
(149, 131, '470.4\r'),
(149, 132, '26.96\r'),
(149, 133, '26.96\r'),
(149, 202, '32.73\r'),
(149, 203, '41.81\r'),
(149, 204, '25.47\r'),
(149, 206, '3.4\r'),
(149, 283, '72.1\r'),
(149, 287, '7.7\r'),
(149, 291, '0.17\r'),
(150, 2, '4.5'),
(150, 3, '17.00'),
(150, 68, '788.79'),
(150, 131, '63.9\r'),
(150, 132, '3.27\r'),
(150, 133, '3.27\r'),
(150, 202, '33.47\r'),
(150, 203, '40.04\r'),
(150, 204, '26.49\r'),
(150, 206, '2.3\r'),
(150, 283, '48.97\r'),
(150, 287, '17\r'),
(150, 291, '0.16\r'),
(151, 2, '0'),
(151, 3, '25.00'),
(151, 68, '902.77'),
(151, 131, '134.77\r'),
(151, 132, '4.11\r'),
(151, 133, '4.11\r'),
(151, 202, '33.9\r'),
(151, 203, '38.51\r'),
(151, 204, '27.59\r'),
(151, 206, '3.3\r'),
(151, 283, '42.43\r'),
(151, 287, '21\r'),
(151, 291, '0.13\r'),
(152, 2, '1'),
(152, 3, '20.00'),
(152, 68, '742.62'),
(152, 131, '80.57\r'),
(152, 132, '4.68\r'),
(152, 133, '4.68\r'),
(152, 202, '27.87\r'),
(152, 203, '39.89\r'),
(152, 204, '32.24\r'),
(152, 206, '4.8\r'),
(152, 283, '64.71\r'),
(152, 287, '24\r'),
(152, 291, '0.06\r'),
(153, 2, '0.25'),
(153, 3, '21.40'),
(153, 68, '873.87'),
(153, 131, '116.14\r'),
(153, 132, '5.37\r'),
(153, 133, '5.37\r'),
(153, 202, '32.06\r'),
(153, 203, '39.58\r'),
(153, 204, '28.37\r'),
(153, 206, '5.1\r'),
(153, 283, '39.6\r'),
(153, 287, '25\r'),
(153, 291, '0.14\r'),
(154, 2, '18.5'),
(154, 3, '22.00'),
(154, 68, '846.70'),
(154, 131, '44.89\r'),
(154, 132, '37.70\r'),
(154, 133, '37.70\r'),
(154, 202, '32.84\r'),
(154, 203, '38.57\r'),
(154, 204, '28.59\r'),
(154, 206, '5.1\r'),
(154, 283, '48.23\r'),
(154, 287, '25\r'),
(154, 291, '0.3\r'),
(155, 2, '0'),
(155, 3, '30.00'),
(155, 68, '902.77'),
(155, 131, '301.98\r'),
(155, 132, '30.95\r'),
(155, 133, '30.95\r'),
(155, 202, '36.76\r'),
(155, 203, '38.93\r'),
(155, 204, '24.31\r'),
(155, 206, '4.85\r'),
(155, 283, '28.74\r'),
(155, 287, '19\r'),
(155, 291, '0.23\r'),
(156, 2, '0'),
(156, 3, '25.00'),
(156, 68, '846.70'),
(156, 131, '74.72\r'),
(156, 132, '6.68\r'),
(156, 133, '6.68\r'),
(156, 202, '33.37\r'),
(156, 203, '41.55\r'),
(156, 204, '25.08\r'),
(156, 206, '4.3\r'),
(156, 283, '35.99\r'),
(156, 287, '20\r'),
(156, 291, '0.17\r'),
(157, 2, '0'),
(157, 3, '29.00'),
(157, 68, '797.28'),
(157, 131, '336.46\r'),
(157, 132, '11.23\r'),
(157, 133, '11.23\r'),
(157, 202, '32.53\r'),
(157, 203, '39.23\r'),
(157, 204, '28.24\r'),
(157, 206, '3.3\r'),
(157, 283, '44.39\r'),
(157, 287, '21\r'),
(157, 291, '0.13\r'),
(158, 2, '3.51'),
(158, 3, '10.00'),
(158, 68, '873.87'),
(158, 131, '482.16\r'),
(158, 132, '226.80\r'),
(158, 133, '226.80\r'),
(158, 202, '23.34\r'),
(158, 203, '50.22\r'),
(158, 204, '26.44\r'),
(158, 206, '2.2\r'),
(158, 283, '32.65\r'),
(158, 287, '4.5\r'),
(158, 291, '0.14\r'),
(159, 2, '0'),
(159, 3, '35.00'),
(159, 68, '745.94'),
(159, 131, '325.74\r'),
(159, 132, '4.17\r'),
(159, 133, '4.17\r'),
(159, 202, '34.53\r'),
(159, 203, '40.77\r'),
(159, 204, '24.7\r'),
(159, 206, '4.7\r'),
(159, 283, '40.33\r'),
(159, 287, '18\r'),
(159, 291, '0.18\r'),
(160, 2, '0'),
(160, 3, '20.00'),
(160, 68, '873.87'),
(160, 131, '148.9\r'),
(160, 132, '4.26\r'),
(160, 133, '4.26\r'),
(160, 202, '35.66\r'),
(160, 203, '37.47\r'),
(160, 204, '26.87\r'),
(160, 206, '2.2\r'),
(160, 283, '43.85\r'),
(160, 287, '24\r'),
(160, 291, '0.14\r'),
(161, 2, '0'),
(161, 3, '28.00'),
(161, 68, '821.58'),
(161, 131, '58.78\r'),
(161, 132, '5.92\r'),
(161, 133, '5.92\r'),
(161, 202, '33.38\r'),
(161, 203, '37.34\r'),
(161, 204, '29.27\r'),
(161, 206, '5.1\r'),
(161, 283, '27.81\r'),
(161, 287, '20\r'),
(161, 291, '0.14\r'),
(162, 2, '0.1'),
(162, 3, '19.00'),
(162, 68, '596.19'),
(162, 131, '140.42\r'),
(162, 132, '12.90\r'),
(162, 133, '12.90\r'),
(162, 202, '31.09\r'),
(162, 203, '39.8\r'),
(162, 204, '29.11\r'),
(162, 206, '4.7\r'),
(162, 283, '35.71\r'),
(162, 287, '20\r'),
(162, 291, '0.23\r'),
(163, 2, '0'),
(163, 3, '25.00'),
(163, 68, '609.49'),
(163, 131, '252.42\r'),
(163, 132, '11.34\r'),
(163, 133, '11.34\r'),
(163, 202, '33.57\r'),
(163, 203, '42.42\r'),
(163, 204, '24.01\r'),
(163, 206, '3.3\r'),
(163, 283, '39.38\r'),
(163, 287, '21\r'),
(163, 291, '0.15\r'),
(164, 2, '0'),
(164, 3, '12.50'),
(164, 68, '0'),
(164, 131, '1183.73\r'),
(164, 132, '27.67\r'),
(164, 133, '27.67\r'),
(164, 202, '25.73\r'),
(164, 203, '43.83\r'),
(164, 204, '30.44\r'),
(164, 206, '4.8\r'),
(164, 283, '49.39\r'),
(164, 287, '19\r'),
(164, 291, '0.26\r'),
(165, 2, '0'),
(165, 3, '24.00'),
(165, 68, '797.26'),
(165, 131, '38.01\r'),
(165, 132, '9.23\r'),
(165, 133, '9.23\r'),
(165, 202, '37.55\r'),
(165, 203, '39.84\r'),
(165, 204, '22.61\r'),
(165, 206, '4.85\r'),
(165, 283, '33.28\r'),
(165, 287, '22\r'),
(165, 291, '0.23\r'),
(166, 2, '1'),
(166, 3, '19.00'),
(166, 68, '846.70'),
(166, 131, '533.2\r'),
(166, 132, '13.78\r'),
(166, 133, '13.78\r'),
(166, 202, '32.29\r'),
(166, 203, '43\r'),
(166, 204, '24.71\r'),
(166, 206, '4.7\r'),
(166, 283, '22.38\r'),
(166, 287, '21\r'),
(166, 291, '0.09\r'),
(167, 2, '0.25'),
(167, 3, '19.00'),
(167, 68, '873.87'),
(167, 131, '127.19\r'),
(167, 132, '22.70\r'),
(167, 133, '22.70\r'),
(167, 202, '34.95\r'),
(167, 203, '40.86\r'),
(167, 204, '24.19\r'),
(167, 206, '2.2\r'),
(167, 283, '31.16\r'),
(167, 287, '22\r'),
(167, 291, '0.13\r'),
(168, 2, '0'),
(168, 3, '15.00'),
(168, 68, '846.70'),
(168, 131, '34.02\r'),
(168, 132, '20.48\r'),
(168, 133, '20.48\r'),
(168, 202, '36.13\r'),
(168, 203, '39\r'),
(168, 204, '24.87\r'),
(168, 206, '2.3\r'),
(168, 283, '11.14\r'),
(168, 287, '21\r'),
(168, 291, '0.13\r'),
(169, 2, '0'),
(169, 3, '21.00'),
(169, 68, '846.70'),
(169, 131, '345.75\r'),
(169, 132, '4.85\r'),
(169, 133, '4.85\r'),
(169, 202, '29.96\r'),
(169, 203, '44.34\r'),
(169, 204, '25.69\r'),
(169, 206, '5.1\r'),
(169, 283, '18.54\r'),
(169, 287, '20\r'),
(169, 291, '0.17\r'),
(170, 2, '0'),
(170, 3, '20.00'),
(170, 68, '846.70'),
(170, 131, '96.87\r'),
(170, 132, '6.49\r'),
(170, 133, '6.49\r'),
(170, 202, '33.53\r'),
(170, 203, '40.9\r'),
(170, 204, '25.57\r'),
(170, 206, '3.4\r'),
(170, 283, '28.93\r'),
(170, 287, '20\r'),
(170, 291, '0.11\r'),
(171, 2, '0.6'),
(171, 3, '9.00'),
(171, 68, '846.70'),
(171, 131, '199.06\r'),
(171, 132, '1.66\r'),
(171, 133, '1.66\r'),
(171, 202, '32.48\r'),
(171, 203, '42.72\r'),
(171, 204, '24.8\r'),
(171, 206, '2.2\r'),
(171, 283, '16.91\r'),
(171, 287, '27\r'),
(171, 291, '0.13\r'),
(172, 2, '0.1'),
(172, 3, '19.00'),
(172, 68, '846.70'),
(172, 131, '24.48\r'),
(172, 132, '2.33\r'),
(172, 133, '2.33\r'),
(172, 202, '32.08\r'),
(172, 203, '42.92\r'),
(172, 204, '25\r'),
(172, 206, '5.1\r'),
(172, 283, '15.78\r'),
(172, 287, '23\r'),
(172, 291, '0.15\r'),
(173, 2, '0'),
(173, 3, '21.00'),
(173, 68, '902.77'),
(173, 131, '1004.57\r'),
(173, 132, '10.39\r'),
(173, 133, '10.39\r'),
(173, 202, '36.6\r'),
(173, 203, '39.9\r'),
(173, 204, '23.5\r'),
(173, 206, '2.2\r'),
(173, 283, '49.42\r'),
(173, 287, '23\r'),
(173, 291, '0.17\r'),
(174, 2, '0.25'),
(174, 3, '20.00'),
(174, 68, '788.79'),
(174, 131, '71.78\r'),
(174, 132, '2.76\r'),
(174, 133, '2.76\r'),
(174, 202, '35.27\r'),
(174, 203, '40.03\r'),
(174, 204, '24.71\r'),
(174, 206, '2.2\r'),
(174, 283, '16.55\r'),
(174, 287, '21\r'),
(174, 291, '0.15\r'),
(175, 2, '0'),
(175, 3, '24.00'),
(175, 68, '740.69'),
(175, 131, '881.13\r'),
(175, 132, '65.85\r'),
(175, 133, '65.85\r'),
(175, 202, '35.58\r'),
(175, 203, '40.63\r'),
(175, 204, '23.79\r'),
(175, 206, '4.8\r'),
(175, 283, '40.56\r'),
(175, 287, '24\r'),
(175, 291, '0.14\r'),
(176, 2, '1.5'),
(176, 3, '16.00'),
(176, 68, '846.70'),
(176, 131, '31.61\r'),
(176, 132, '0.30\r'),
(176, 133, '0.30\r'),
(176, 202, '31.36\r'),
(176, 203, '42.7\r'),
(176, 204, '25.94\r'),
(176, 206, '4.85\r'),
(176, 283, '8.15\r'),
(176, 287, '19\r'),
(176, 291, '0.12\r'),
(177, 2, '2.5'),
(177, 3, '18.00'),
(177, 68, '873.87'),
(177, 131, '81.9\r'),
(177, 132, '23.31\r'),
(177, 133, '23.31\r'),
(177, 202, '35.61\r'),
(177, 203, '39.3\r'),
(177, 204, '25.09\r'),
(177, 206, '4.8\r'),
(177, 283, '33.69\r'),
(177, 287, '25\r'),
(177, 291, '0.13\r'),
(178, 2, '0'),
(178, 3, '10.00'),
(178, 68, '873.87'),
(178, 131, '105.5\r'),
(178, 132, '1.93\r'),
(178, 133, '1.93\r'),
(178, 202, '34.93\r'),
(178, 203, '41.54\r'),
(178, 204, '23.53\r'),
(178, 206, '3.3\r'),
(178, 283, '15.93\r'),
(178, 287, '20\r'),
(178, 291, '0.12\r'),
(179, 2, '3.16'),
(179, 3, '9.00'),
(179, 68, '740.30'),
(179, 131, '91.68\r'),
(179, 132, '82.56\r'),
(179, 133, '82.56\r'),
(179, 202, '28.81\r'),
(179, 203, '40.34\r'),
(179, 204, '30.85\r'),
(179, 206, '4.85\r'),
(179, 283, '30.04\r'),
(179, 287, '21\r'),
(179, 291, '0.12\r'),
(180, 2, '1.25'),
(180, 3, '15.00'),
(180, 68, '777.92'),
(180, 131, '99.54\r'),
(180, 132, '18.55\r'),
(180, 133, '18.55\r'),
(180, 202, '31.63\r'),
(180, 203, '41.07\r'),
(180, 204, '27.29\r'),
(180, 206, '3.3\r'),
(180, 283, '17.02\r'),
(180, 287, '20\r'),
(180, 291, '0.1\r'),
(181, 2, '1.5'),
(181, 3, '10.00'),
(181, 68, '846.70'),
(181, 131, '100.98\r'),
(181, 132, '5.90\r'),
(181, 133, '5.90\r'),
(181, 202, '27.28\r'),
(181, 203, '44.33\r'),
(181, 204, '28.38\r'),
(181, 206, '5.1\r'),
(181, 283, '20.11\r'),
(181, 287, '18\r'),
(181, 291, '0.11\r'),
(182, 2, '3.1'),
(182, 3, '10.00'),
(182, 68, '788.79'),
(182, 131, '301.19\r'),
(182, 132, '29.64\r'),
(182, 133, '29.64\r'),
(182, 202, '33.49\r'),
(182, 203, '40.37\r'),
(182, 204, '26.14\r'),
(182, 206, '2.2\r'),
(182, 283, '20.19\r'),
(182, 287, '17\r'),
(182, 291, '0.12\r'),
(183, 2, '0.5'),
(183, 3, '15.00'),
(183, 68, '507.41'),
(183, 131, '99.14\r'),
(183, 132, '77.76\r'),
(183, 133, '77.76\r'),
(183, 202, '28.2\r'),
(183, 203, '39.69\r'),
(183, 204, '32.11\r'),
(183, 206, '3.7\r'),
(183, 283, '20.55\r'),
(183, 287, '20\r'),
(183, 291, '0.12\r'),
(184, 2, '4.25'),
(184, 3, '20.00'),
(184, 68, '846.70'),
(184, 131, '79.99\r'),
(184, 132, '1.12\r'),
(184, 133, '1.12\r'),
(184, 202, '29.55\r'),
(184, 203, '42.7\r'),
(184, 204, '27.75\r'),
(184, 206, '2.3\r'),
(184, 283, '7.35\r'),
(184, 287, '20\r'),
(184, 291, '0.08\r'),
(185, 2, '7.75'),
(185, 3, '18.00'),
(185, 68, '846.70'),
(185, 131, '226.07\r'),
(185, 132, '11.08\r'),
(185, 133, '11.08\r'),
(185, 202, '43.54\r'),
(185, 203, '30.03\r'),
(185, 204, '26.44\r'),
(185, 206, '3.3\r'),
(185, 283, '9.87\r'),
(185, 287, '20\r'),
(185, 291, '0.09\r'),
(186, 2, '6.75'),
(186, 3, '20.00'),
(186, 68, '554.85'),
(186, 131, '191\r'),
(186, 132, '89.49\r'),
(186, 133, '89.49\r'),
(186, 202, '18.08\r'),
(186, 203, '45.03\r'),
(186, 204, '36.89\r'),
(186, 206, '4.8\r'),
(186, 283, '16.76\r'),
(186, 287, '18\r'),
(186, 291, '0.05\r'),
(187, 2, '8'),
(187, 3, '15.00'),
(187, 68, '873.87'),
(187, 131, '102.08\r'),
(187, 132, '15.99\r'),
(187, 133, '15.99\r'),
(187, 202, '28.46\r'),
(187, 203, '40.01\r'),
(187, 204, '31.53\r'),
(187, 206, '3.4\r'),
(187, 283, '13.86\r'),
(187, 287, '18\r'),
(187, 291, '0.05\r'),
(188, 2, '4.5'),
(188, 3, '18.00'),
(188, 68, '499.34'),
(188, 131, '133.72\r'),
(188, 132, '21.11\r'),
(188, 133, '21.11\r'),
(188, 202, '25.18\r'),
(188, 203, '42.28\r'),
(188, 204, '32.54\r'),
(188, 206, '4.8\r'),
(188, 283, '14.6\r'),
(188, 287, '20\r'),
(188, 291, '0.07\r'),
(189, 2, '6'),
(189, 3, '18.00'),
(189, 68, '846.70'),
(189, 131, '65.28\r'),
(189, 132, '0.80\r'),
(189, 133, '0.80\r'),
(189, 202, '30.74\r'),
(189, 203, '43.84\r'),
(189, 204, '25.42\r'),
(189, 206, '2.5\r'),
(189, 283, '6.64\r'),
(189, 287, '20\r'),
(189, 291, '0.08\r'),
(190, 2, '3'),
(190, 3, '12.00'),
(190, 68, '846.70'),
(190, 131, '106.3\r'),
(190, 132, '3.03\r'),
(190, 133, '3.03\r'),
(190, 202, '26\r'),
(190, 203, '47.12\r'),
(190, 204, '26.88\r'),
(190, 206, '4.7\r'),
(190, 283, '11.57\r'),
(190, 287, '20\r'),
(190, 291, '0.09\r'),
(191, 2, '0.25'),
(191, 3, '25.00'),
(191, 68, '788.79'),
(191, 131, '831.83\r'),
(191, 132, '138.00\r'),
(191, 133, '138.00\r'),
(191, 202, '29.38\r'),
(191, 203, '39.1\r'),
(191, 204, '31.51\r'),
(191, 206, '2.6\r'),
(191, 283, '50\r'),
(191, 287, '0\r'),
(191, 291, '0.11\r'),
(192, 2, '1'),
(192, 3, '26.50'),
(192, 68, '883.95'),
(192, 131, '621.95\r'),
(192, 132, '51.22\r'),
(192, 133, '51.22\r'),
(192, 202, '32.2\r'),
(192, 203, '40.49\r'),
(192, 204, '27.31\r'),
(192, 206, '4.7\r'),
(192, 283, '34.86\r'),
(192, 287, '15\r'),
(192, 291, '0.09\r');

-- --------------------------------------------------------

--
-- Table structure for table `locations`
--

CREATE TABLE `locations` (
  `id` int(11) NOT NULL,
  `identifier` varchar(45) DEFAULT NULL,
  `name` varchar(250) DEFAULT NULL,
  `alt_name` varchar(250) DEFAULT NULL,
  `lat` varchar(45) DEFAULT NULL,
  `long` varchar(45) DEFAULT NULL,
  `country_id` int(11) NOT NULL,
  `admin_name` varchar(200) DEFAULT NULL,
  `admin_code` varchar(200) DEFAULT NULL,
  `population` decimal(10,0) DEFAULT NULL,
  `area` decimal(10,0) DEFAULT NULL,
  `flag` varchar(45) DEFAULT NULL,
  `type` enum('city','social_point','hexagon_6','hexagon_7','hexagon_8','hexagon_9','hexagon_2phase') DEFAULT 'city',
  `parent_identifier` varchar(45) DEFAULT NULL,
  `rb` decimal(10,0) DEFAULT NULL
) ENGINE=InnoDB DEFAULT CHARSET=utf8 COLLATE=utf8_general_ci;

-- --------------------------------------------------------

--
-- Table structure for table `logs`
--

CREATE TABLE `logs` (
  `id` int(11) NOT NULL,
  `type` tinyint(4) DEFAULT NULL COMMENT '0 -  \n1 -   \n2 -  ,\n3 - / \n4 -    \n5 -  \n6 -   \n7 - ',
  `text` varchar(250) DEFAULT NULL,
  `object_id` int(11) DEFAULT NULL,
  `project_id` int(11) DEFAULT NULL,
  `datetime` datetime DEFAULT NULL
) ENGINE=InnoDB DEFAULT CHARSET=utf8 COLLATE=utf8_general_ci;

-- --------------------------------------------------------

--
-- Table structure for table `profile_records`
--

CREATE TABLE `profile_records` (
  `id` int(11) NOT NULL,
  `traffic_profiles_id` int(11) NOT NULL,
  `traffic_sources_id` int(11) NOT NULL,
  `services_id` int(11) NOT NULL,
  `using_level` enum('NOTUSED','LOW','MEDIUM','HIGH') DEFAULT NULL
) ENGINE=InnoDB DEFAULT CHARSET=utf8 COLLATE=utf8_general_ci;

-- --------------------------------------------------------

--
-- Table structure for table `projects`
--

CREATE TABLE `projects` (
  `id` int(11) NOT NULL,
  `name` varchar(255) DEFAULT NULL,
  `description` text DEFAULT NULL,
  `identifier` varchar(45) DEFAULT NULL COMMENT 'Short auto-generated identifier (8 symbols - letters&digits)\\nIt is used for assigning designers to the projects',
  `user_id` int(11) NOT NULL COMMENT 'At same time it demonstrates relation of the project to the Project Administrator and relation of Project Designer to the project',
  `country_id` int(11) NOT NULL,
  `status` enum('calculated','in-progress','waiting','partially-calculated','not-calculated','stop','data-ready') DEFAULT 'not-calculated',
  `progress` tinyint(4) DEFAULT NULL,
  `created` datetime DEFAULT NULL,
  `updated` datetime DEFAULT current_timestamp() ON UPDATE current_timestamp(),
  `templatedata` longblob DEFAULT NULL,
  `templatedata_upload_time` datetime DEFAULT NULL,
  `validationdata` mediumblob DEFAULT NULL,
  `inputdata` longblob DEFAULT NULL,
  `statusdata` mediumblob DEFAULT NULL,
  `settings` blob DEFAULT NULL,
  `mode` enum('schools','countries','global') NOT NULL DEFAULT 'schools'
) ENGINE=InnoDB DEFAULT CHARSET=utf8mb4 COLLATE=utf8mb4_general_ci COMMENT='Information about all projects in the System';

-- --------------------------------------------------------

--
-- Table structure for table `projects_has_users`
--

CREATE TABLE `projects_has_users` (
  `projects_id` int(11) NOT NULL,
  `users_id` int(11) NOT NULL,
  `status` tinyint(4) DEFAULT NULL COMMENT '1 -       \n2 -        \n3 -  ""  '
) ENGINE=InnoDB DEFAULT CHARSET=utf8 COLLATE=utf8_general_ci COMMENT='  ""   ';

-- --------------------------------------------------------

--
-- Table structure for table `projects_has_variables`
--

CREATE TABLE `projects_has_variables` (
  `projects_id` int(11) NOT NULL,
  `variables_id` int(11) NOT NULL,
  `value` varchar(45) DEFAULT NULL
) ENGINE=InnoDB DEFAULT CHARSET=utf8 COLLATE=utf8_general_ci;

-- --------------------------------------------------------

--
-- Table structure for table `region`
--

CREATE TABLE `region` (
  `id` int(11) NOT NULL,
  `region_name` varchar(45) DEFAULT NULL,
  `region_name_ru` varchar(45) DEFAULT NULL,
  `region_name_fr` varchar(45) DEFAULT NULL,
  `region_name_es` varchar(45) DEFAULT NULL,
  `region_name_zh` varchar(45) DEFAULT NULL,
  `region_name_ar` varchar(45) DEFAULT NULL
) ENGINE=InnoDB DEFAULT CHARSET=utf8 COLLATE=utf8_general_ci;

--
-- Dumping data for table `region`
--

INSERT INTO `region` (`id`, `region_name`, `region_name_ru`, `region_name_fr`, `region_name_es`, `region_name_zh`, `region_name_ar`) VALUES
(1, 'Sub-Saharan Africa Subregion 1', NULL, NULL, NULL, NULL, NULL),
(2, 'Sub-Saharan Africa Subregion 2', NULL, NULL, NULL, NULL, NULL),
(3, 'Sub-Saharan Africa Subregion 3', NULL, NULL, NULL, NULL, NULL),
(4, 'Middle East and Central Asia Subregion 1', NULL, NULL, NULL, NULL, NULL),
(5, 'Middle East and Central Asia Subregion 2', NULL, NULL, NULL, NULL, NULL),
(6, 'Middle East and Central Asia Subregion 3', NULL, NULL, NULL, NULL, NULL),
(7, 'Latin America and Caribbean Subregion 1', NULL, NULL, NULL, NULL, NULL),
(8, 'Latin America and Caribbean Subregion 2', NULL, NULL, NULL, NULL, NULL),
(9, 'Latin America and Caribbean Subregion 3', NULL, NULL, NULL, NULL, NULL),
(10, 'East and Australasia Subregion 1', NULL, NULL, NULL, NULL, NULL),
(11, 'East and Australasia Subregion 2', NULL, NULL, NULL, NULL, NULL),
(12, 'East and Australasia Subregion 3', NULL, NULL, NULL, NULL, NULL),
(13, 'Europe Subregion 1', NULL, NULL, NULL, NULL, NULL),
(14, 'Europe Subregion 2', NULL, NULL, NULL, NULL, NULL),
(15, 'Europe Subregion 3', NULL, NULL, NULL, NULL, NULL),
(16, 'Europe Subregion 4', NULL, NULL, NULL, NULL, NULL),
(17, 'Eastern Europe and Northern Asia', NULL, NULL, NULL, NULL, NULL),
(18, 'North America', NULL, NULL, NULL, NULL, NULL);

-- --------------------------------------------------------

--
-- Table structure for table `region_has_variables`
--

CREATE TABLE `region_has_variables` (
  `region_id` int(11) NOT NULL,
  `variables_id` int(11) NOT NULL,
  `value` varchar(45) DEFAULT NULL
) ENGINE=InnoDB DEFAULT CHARSET=utf8 COLLATE=utf8_general_ci;

--
-- Dumping data for table `region_has_variables`
--

INSERT INTO `region_has_variables` (`region_id`, `variables_id`, `value`) VALUES
(1, 35, '5.3'),
(1, 36, '5.23'),
(1, 37, '3.17'),
(1, 38, '1.9'),
(1, 39, '5.23'),
(1, 40, '5.23'),
(1, 41, '3.28'),
(1, 42, '5.23'),
(1, 43, '5.23'),
(1, 45, '5.23'),
(1, 46, '3.77'),
(1, 47, '5.23'),
(1, 48, '3.77'),
(1, 49, '5.67'),
(1, 50, '3.77'),
(1, 51, '5.67'),
(1, 52, '1.9'),
(1, 53, '5.67'),
(1, 54, '2.16'),
(1, 55, '3.28'),
(1, 56, '3.17'),
(1, 57, '6.1'),
(1, 58, '6.1'),
(1, 106, '5.3'),
(1, 107, '5.3'),
(1, 108, '5.3'),
(1, 109, '5.3'),
(1, 110, '5.3'),
(1, 111, '5.3'),
(1, 112, '5.3'),
(1, 113, '5.3'),
(1, 114, '5.3'),
(1, 115, '5.3'),
(1, 116, '5.3'),
(1, 127, '6.1'),
(1, 130, '6.1'),
(1, 156, '328.38'),
(1, 214, '3,17\r'),
(1, 219, '3,38\r'),
(1, 222, '3,17\r'),
(1, 224, '3,17\r'),
(1, 227, '3,17\r'),
(1, 230, '3,09\r'),
(1, 231, '3,17\r'),
(1, 268, '3,17\r'),
(1, 271, '634,46\r'),
(1, 296, '3.09\r'),
(1, 297, '353.79\r'),
(2, 35, '6.38'),
(2, 36, '3.71'),
(2, 37, '2.4'),
(2, 38, '1.96'),
(2, 39, '3.71'),
(2, 40, '3.71'),
(2, 41, '3.44'),
(2, 42, '6.12'),
(2, 43, '3.71'),
(2, 45, '3.71'),
(2, 46, '4.28'),
(2, 47, '3.71'),
(2, 48, '4.28'),
(2, 49, '6.31'),
(2, 50, '4.28'),
(2, 51, '6.31'),
(2, 52, '1.96'),
(2, 53, '6.31'),
(2, 54, '0.78'),
(2, 55, '3.44'),
(2, 56, '2.4'),
(2, 57, '6.31'),
(2, 58, '6.31'),
(2, 106, '6.38'),
(2, 107, '6.38'),
(2, 108, '6.38'),
(2, 109, '6.38'),
(2, 110, '6.38'),
(2, 111, '6.38'),
(2, 112, '6.38'),
(2, 113, '6.38'),
(2, 114, '6.38'),
(2, 115, '6.38'),
(2, 116, '6.38'),
(2, 127, '6.31'),
(2, 130, '6.31'),
(2, 156, '328.38'),
(2, 214, '3,26\r'),
(2, 219, '3,47\r'),
(2, 222, '3,26\r'),
(2, 224, '3,26\r'),
(2, 227, '2,4\r'),
(2, 230, '3,24\r'),
(2, 231, '3,26\r'),
(2, 268, '2,75\r'),
(2, 271, '207,06\r'),
(2, 296, '3.24\r'),
(2, 297, '115.46\r'),
(3, 35, '3.14'),
(3, 36, '2.52'),
(3, 37, '1.29'),
(3, 38, '0.56'),
(3, 39, '2.52'),
(3, 40, '2.52'),
(3, 41, '1.89'),
(3, 42, '2.98'),
(3, 43, '2.52'),
(3, 45, '2.52'),
(3, 46, '2.19'),
(3, 47, '2.52'),
(3, 48, '2.19'),
(3, 49, '3.36'),
(3, 50, '2.19'),
(3, 51, '3.36'),
(3, 52, '0.56'),
(3, 53, '3.36'),
(3, 54, '0.27'),
(3, 55, '1.89'),
(3, 56, '1.29'),
(3, 57, '3.49'),
(3, 58, '3.49'),
(3, 106, '3.14'),
(3, 107, '3.14'),
(3, 108, '3.14'),
(3, 109, '3.14'),
(3, 110, '3.14'),
(3, 111, '3.14'),
(3, 112, '3.14'),
(3, 113, '3.14'),
(3, 114, '3.14'),
(3, 115, '3.14'),
(3, 116, '3.14'),
(3, 127, '3.49'),
(3, 130, '3.49'),
(3, 156, '328.38'),
(3, 214, '1,83\r'),
(3, 219, '1,85\r'),
(3, 222, '1,83\r'),
(3, 224, '1,83\r'),
(3, 227, '1,29\r'),
(3, 230, '1,79\r'),
(3, 231, '1,83\r'),
(3, 268, '1,83\r'),
(3, 271, '79,54\r'),
(3, 296, '1.79\r'),
(3, 297, '44.35\r'),
(4, 35, '29.4'),
(4, 36, '18.27'),
(4, 37, '14.74'),
(4, 38, '8.81'),
(4, 39, '18.27'),
(4, 40, '18.27'),
(4, 41, '16.17'),
(4, 42, '30.13'),
(4, 43, '18.27'),
(4, 45, '18.27'),
(4, 46, '20.68'),
(4, 47, '18.27'),
(4, 48, '20.68'),
(4, 49, '30.67'),
(4, 50, '20.68'),
(4, 51, '30.67'),
(4, 52, '8.81'),
(4, 53, '30.67'),
(4, 54, '27.18'),
(4, 55, '16.17'),
(4, 56, '14.74'),
(4, 57, '30.67'),
(4, 58, '30.67'),
(4, 106, '29.4'),
(4, 107, '29.4'),
(4, 108, '29.4'),
(4, 109, '29.4'),
(4, 110, '29.4'),
(4, 111, '29.4'),
(4, 112, '29.4'),
(4, 113, '29.4'),
(4, 114, '29.4'),
(4, 115, '29.4'),
(4, 116, '29.4'),
(4, 127, '30.67'),
(4, 130, '30.67'),
(4, 156, '1432'),
(4, 214, '16,01\r'),
(4, 219, '16,16\r'),
(4, 222, '16,01\r'),
(4, 224, '16,01\r'),
(4, 227, '14,74\r'),
(4, 230, '15,36\r'),
(4, 231, '16,01\r'),
(4, 268, '16,01\r'),
(4, 271, '1 432\r'),
(4, 296, '15.36\r'),
(4, 297, '1.454.04\r'),
(5, 35, '5.76'),
(5, 36, '3.51'),
(5, 37, '2.67'),
(5, 38, '1.75'),
(5, 39, '3.51'),
(5, 40, '3.51'),
(5, 41, '3.11'),
(5, 42, '5.68'),
(5, 43, '3.51'),
(5, 45, '3.51'),
(5, 46, '4.01'),
(5, 47, '3.51'),
(5, 48, '4.01'),
(5, 49, '5.23'),
(5, 50, '4.01'),
(5, 51, '5.23'),
(5, 52, '1.75'),
(5, 53, '5.23'),
(5, 54, '0.99'),
(5, 55, '3.11'),
(5, 56, '2.67'),
(5, 57, '5.22'),
(5, 58, '5.22'),
(5, 106, '5.76'),
(5, 107, '5.76'),
(5, 108, '5.76'),
(5, 109, '5.76'),
(5, 110, '5.76'),
(5, 111, '5.76'),
(5, 112, '5.76'),
(5, 113, '5.76'),
(5, 114, '5.76'),
(5, 115, '5.76'),
(5, 116, '5.76'),
(5, 127, '5.22'),
(5, 130, '5.22'),
(5, 156, '374'),
(5, 214, '2,96\r'),
(5, 219, '3,28\r'),
(5, 222, '2,96\r'),
(5, 224, '2,96\r'),
(5, 227, '2,67\r'),
(5, 230, '2,93\r'),
(5, 231, '2,96\r'),
(5, 268, '2,96\r'),
(5, 271, '374\r'),
(5, 296, '2.93\r'),
(5, 297, '433.21\r'),
(6, 35, '5.33'),
(6, 36, '1.59'),
(6, 37, '2.28'),
(6, 38, '1.68'),
(6, 39, '1.59'),
(6, 40, '1.59'),
(6, 41, '3.28'),
(6, 42, '2.28'),
(6, 43, '1.59'),
(6, 45, '1.59'),
(6, 46, '3.53'),
(6, 47, '1.59'),
(6, 48, '3.53'),
(6, 49, '5.12'),
(6, 50, '3.53'),
(6, 51, '5.12'),
(6, 52, '1.68'),
(6, 53, '5.12'),
(6, 54, '0.35'),
(6, 55, '3.28'),
(6, 56, '2.28'),
(6, 57, '5.12'),
(6, 58, '5.12'),
(6, 106, '5.33'),
(6, 107, '5.33'),
(6, 108, '5.33'),
(6, 109, '5.33'),
(6, 110, '5.33'),
(6, 111, '5.33'),
(6, 112, '5.33'),
(6, 113, '5.33'),
(6, 114, '5.33'),
(6, 115, '5.33'),
(6, 116, '5.33'),
(6, 127, '5.12'),
(6, 130, '5.12'),
(6, 156, '174.36'),
(6, 214, '2,96\r'),
(6, 219, '3,28\r'),
(6, 222, '2,96\r'),
(6, 224, '2,96\r'),
(6, 227, '2,28\r'),
(6, 230, '3,09\r'),
(6, 231, '2,96\r'),
(6, 268, '2,96\r'),
(6, 271, '174,36\r'),
(6, 296, '3.09\r'),
(6, 297, '167.5\r'),
(7, 35, '7.9'),
(7, 36, '4.06'),
(7, 37, '4.42'),
(7, 38, '2.42'),
(7, 39, '4.06'),
(7, 40, '4.06'),
(7, 41, '4.37'),
(7, 42, '7.66'),
(7, 43, '4.06'),
(7, 45, '4.06'),
(7, 46, '5.44'),
(7, 47, '4.06'),
(7, 48, '5.44'),
(7, 49, '7.79'),
(7, 50, '5.44'),
(7, 51, '7.79'),
(7, 52, '2.42'),
(7, 53, '7.79'),
(7, 54, '14.56'),
(7, 55, '4.37'),
(7, 56, '4.42'),
(7, 57, '7.79'),
(7, 58, '7.79'),
(7, 106, '7.9'),
(7, 107, '7.9'),
(7, 108, '7.9'),
(7, 109, '7.9'),
(7, 110, '7.9'),
(7, 111, '7.9'),
(7, 112, '7.9'),
(7, 113, '7.9'),
(7, 114, '7.9'),
(7, 115, '7.9'),
(7, 116, '7.9'),
(7, 127, '7.79'),
(7, 130, '7.79'),
(7, 156, '233.04'),
(7, 214, '4,05\r'),
(7, 219, '4,4\r'),
(7, 222, '4,05\r'),
(7, 224, '4,05\r'),
(7, 227, '4,42\r'),
(7, 230, '4\r'),
(7, 231, '4,05\r'),
(7, 268, '4,05\r'),
(7, 271, '395,29\r'),
(7, 296, '4\r'),
(7, 297, '566.98\r'),
(8, 35, '8.1'),
(8, 36, '4.81'),
(8, 37, '3.57'),
(8, 38, '2.52'),
(8, 39, '4.81'),
(8, 40, '4.81'),
(8, 41, '4.48'),
(8, 42, '7.83'),
(8, 43, '4.81'),
(8, 45, '4.81'),
(8, 46, '5.8'),
(8, 47, '4.81'),
(8, 48, '5.8'),
(8, 49, '8.14'),
(8, 50, '5.8'),
(8, 51, '8.14'),
(8, 52, '2.52'),
(8, 53, '8.14'),
(8, 54, '8.31'),
(8, 55, '4.48'),
(8, 56, '3.57'),
(8, 57, '8.14'),
(8, 58, '8.14'),
(8, 106, '8.1'),
(8, 107, '8.1'),
(8, 108, '8.1'),
(8, 109, '8.1'),
(8, 110, '8.1'),
(8, 111, '8.1'),
(8, 112, '8.1'),
(8, 113, '8.1'),
(8, 114, '8.1'),
(8, 115, '8.1'),
(8, 116, '8.1'),
(8, 127, '8.14'),
(8, 130, '8.14'),
(8, 156, '233.04'),
(8, 214, '4,26\r'),
(8, 219, '4,45\r'),
(8, 222, '4,26\r'),
(8, 224, '4,26\r'),
(8, 227, '3,57\r'),
(8, 230, '4,3\r'),
(8, 231, '4,26\r'),
(8, 268, '4,26\r'),
(8, 271, '225,53\r'),
(8, 296, '4.3\r'),
(8, 297, '323.48\r'),
(9, 35, '4.77'),
(9, 36, '2.95'),
(9, 37, '2.41'),
(9, 38, '1.53'),
(9, 39, '2.95'),
(9, 40, '2.95'),
(9, 41, '2.72'),
(9, 42, '4.8'),
(9, 43, '2.95'),
(9, 45, '2.95'),
(9, 46, '3.49'),
(9, 47, '2.95'),
(9, 48, '3.49'),
(9, 49, '5.01'),
(9, 50, '3.49'),
(9, 51, '5.01'),
(9, 52, '1.53'),
(9, 53, '5.01'),
(9, 54, '3.59'),
(9, 55, '2.72'),
(9, 56, '2.41'),
(9, 57, '5.01'),
(9, 58, '5.01'),
(9, 106, '4.77'),
(9, 107, '4.77'),
(9, 108, '4.77'),
(9, 109, '4.77'),
(9, 110, '4.77'),
(9, 111, '4.77'),
(9, 112, '4.77'),
(9, 113, '4.77'),
(9, 114, '4.77'),
(9, 115, '4.77'),
(9, 116, '4.77'),
(9, 127, '5.01'),
(9, 130, '5.01'),
(9, 156, '233.04'),
(9, 214, '2,64\r'),
(9, 219, '2,69\r'),
(9, 222, '2,64\r'),
(9, 224, '2,64\r'),
(9, 227, '2,41\r'),
(9, 230, '2,6\r'),
(9, 231, '2,64\r'),
(9, 268, '2,64\r'),
(9, 271, '97,54\r'),
(9, 296, '2.6\r'),
(9, 297, '139.9\r'),
(10, 35, '28.91'),
(10, 36, '17.62'),
(10, 37, '10.82'),
(10, 38, '4.74'),
(10, 39, '17.62'),
(10, 40, '17.62'),
(10, 41, '15.7'),
(10, 42, '28.4'),
(10, 43, '17.62'),
(10, 45, '17.62'),
(10, 46, '36.12'),
(10, 47, '17.62'),
(10, 48, '36.12'),
(10, 49, '28.81'),
(10, 50, '36.12'),
(10, 51, '28.81'),
(10, 52, '4.74'),
(10, 53, '28.81'),
(10, 54, '24.81'),
(10, 55, '15.7'),
(10, 56, '10.82'),
(10, 57, '28.81'),
(10, 58, '28.81'),
(10, 106, '28.91'),
(10, 107, '28.91'),
(10, 108, '28.91'),
(10, 109, '28.91'),
(10, 110, '28.91'),
(10, 111, '28.91'),
(10, 112, '28.91'),
(10, 113, '28.91'),
(10, 114, '28.91'),
(10, 115, '28.91'),
(10, 116, '28.91'),
(10, 127, '28.81'),
(10, 130, '28.81'),
(10, 156, '4084'),
(10, 214, '14,94\r'),
(10, 219, '23,98\r'),
(10, 222, '14,94\r'),
(10, 224, '14,94\r'),
(10, 227, '10,82\r'),
(10, 230, '14,57\r'),
(10, 231, '14,94\r'),
(10, 268, '14,95\r'),
(10, 271, '4.083.65\r'),
(10, 296, '14.57\r'),
(10, 297, '1.004.32\r'),
(11, 35, '4.65'),
(11, 36, '2.76'),
(11, 37, '1.81'),
(11, 38, '0.19'),
(11, 39, '2.76'),
(11, 40, '2.76'),
(11, 41, '2.56'),
(11, 42, '4.59'),
(11, 43, '2.76'),
(11, 45, '2.76'),
(11, 46, '5.8'),
(11, 47, '2.76'),
(11, 48, '5.8'),
(11, 49, '4.67'),
(11, 50, '5.8'),
(11, 51, '4.67'),
(11, 52, '0.19'),
(11, 53, '4.67'),
(11, 54, '6'),
(11, 55, '2.56'),
(11, 56, '1.81'),
(11, 57, '4.67'),
(11, 58, '4.67'),
(11, 106, '4.65'),
(11, 107, '4.65'),
(11, 108, '4.65'),
(11, 109, '4.65'),
(11, 110, '4.65'),
(11, 111, '4.65'),
(11, 112, '4.65'),
(11, 113, '4.65'),
(11, 114, '4.65'),
(11, 115, '4.65'),
(11, 116, '4.65'),
(11, 127, '4.67'),
(11, 130, '4.67'),
(11, 156, '987'),
(11, 214, '2,48\r'),
(11, 219, '4\r'),
(11, 222, '2,48\r'),
(11, 224, '2,48\r'),
(11, 227, '1,81\r'),
(11, 230, '2,36\r'),
(11, 231, '2,48\r'),
(11, 268, '2,48\r'),
(11, 271, '987,09\r'),
(11, 296, '2.36\r'),
(11, 297, '727.07\r'),
(12, 35, '1.14'),
(12, 36, '1.55'),
(12, 37, '2.79'),
(12, 38, '2.92'),
(12, 39, '1.55'),
(12, 40, '1.55'),
(12, 41, '2.97'),
(12, 42, '1.99'),
(12, 43, '1.55'),
(12, 45, '1.55'),
(12, 46, '1.39'),
(12, 47, '1.55'),
(12, 48, '1.39'),
(12, 49, '1.28'),
(12, 50, '1.39'),
(12, 51, '1.28'),
(12, 52, '2.92'),
(12, 53, '1.28'),
(12, 54, '2.24'),
(12, 55, '2.97'),
(12, 56, '2.79'),
(12, 57, '1.47'),
(12, 58, '1.47'),
(12, 106, '1.14'),
(12, 107, '1.14'),
(12, 108, '1.14'),
(12, 109, '1.14'),
(12, 110, '1.14'),
(12, 111, '1.14'),
(12, 112, '1.14'),
(12, 113, '1.14'),
(12, 114, '1.14'),
(12, 115, '1.14'),
(12, 116, '1.14'),
(12, 127, '1.47'),
(12, 130, '1.47'),
(12, 156, '375.34'),
(12, 214, '2,64\r'),
(12, 219, '1,58\r'),
(12, 222, '2,64\r'),
(12, 224, '2,64\r'),
(12, 227, '2,79\r'),
(12, 230, '1,69\r'),
(12, 231, '2,64\r'),
(12, 268, '1,69\r'),
(12, 271, '375,34\r'),
(12, 296, '1.69\r'),
(12, 297, '87.32\r'),
(13, 35, '29.6'),
(13, 36, '15.86'),
(13, 37, '10.23'),
(13, 38, '8.85'),
(13, 39, '15.86'),
(13, 40, '15.86'),
(13, 41, '15.11'),
(13, 42, '27.05'),
(13, 43, '15.86'),
(13, 45, '15.86'),
(13, 46, '38.31'),
(13, 47, '15.86'),
(13, 48, '38.31'),
(13, 49, '30.49'),
(13, 50, '38.31'),
(13, 51, '30.49'),
(13, 52, '8.85'),
(13, 53, '30.49'),
(13, 54, '29.02'),
(13, 55, '15.11'),
(13, 56, '10.23'),
(13, 57, '18.38'),
(13, 58, '18.38'),
(13, 106, '29.6'),
(13, 107, '29.6'),
(13, 108, '29.6'),
(13, 109, '29.6'),
(13, 110, '29.6'),
(13, 111, '29.6'),
(13, 112, '29.6'),
(13, 113, '29.6'),
(13, 114, '29.6'),
(13, 115, '29.6'),
(13, 116, '29.6'),
(13, 127, '18.38'),
(13, 130, '18.38'),
(13, 156, '2001'),
(13, 214, '14,44\r'),
(13, 219, '22,7\r'),
(13, 222, '14,44\r'),
(13, 224, '14,44\r'),
(13, 227, '10,23\r'),
(13, 230, '14,03\r'),
(13, 231, '14,44\r'),
(13, 268, '14,44\r'),
(13, 271, '2.000.88\r'),
(13, 296, '14.03\r'),
(13, 297, '2.032.10\r'),
(14, 35, '27.78'),
(14, 36, '16.31'),
(14, 37, '10.88'),
(14, 38, '8.84'),
(14, 39, '16.31'),
(14, 40, '16.31'),
(14, 41, '15.2'),
(14, 42, '26.99'),
(14, 43, '16.31'),
(14, 45, '16.31'),
(14, 46, '35.22'),
(14, 47, '16.31'),
(14, 48, '35.22'),
(14, 49, '28.55'),
(14, 50, '35.22'),
(14, 51, '28.55'),
(14, 52, '8.84'),
(14, 53, '28.55'),
(14, 54, '27.59'),
(14, 55, '15.2'),
(14, 56, '10.88'),
(14, 57, '17.56'),
(14, 58, '17.56'),
(14, 106, '27.78'),
(14, 107, '27.78'),
(14, 108, '27.78'),
(14, 109, '27.78'),
(14, 110, '27.78'),
(14, 111, '27.78'),
(14, 112, '27.78'),
(14, 113, '27.78'),
(14, 114, '27.78'),
(14, 115, '27.78'),
(14, 116, '27.78'),
(14, 127, '17.56'),
(14, 130, '17.56'),
(14, 156, '1611.19'),
(14, 214, '14,84\r'),
(14, 219, '23,96\r'),
(14, 222, '14,84\r'),
(14, 224, '14,84\r'),
(14, 227, '10,88\r'),
(14, 230, '14,23\r'),
(14, 231, '14,84\r'),
(14, 268, '14,84\r'),
(14, 271, '1.611.19\r'),
(14, 296, '14.23\r'),
(14, 297, '1.135.95\r'),
(15, 35, '13.1'),
(15, 36, '8.01'),
(15, 37, '5.06'),
(15, 38, '4.27'),
(15, 39, '8.01'),
(15, 40, '8.01'),
(15, 41, '7.49'),
(15, 42, '9.18'),
(15, 43, '8.01'),
(15, 45, '8.01'),
(15, 46, '16.88'),
(15, 47, '8.01'),
(15, 48, '16.88'),
(15, 49, '13.69'),
(15, 50, '16.88'),
(15, 51, '13.69'),
(15, 52, '4.27'),
(15, 53, '13.69'),
(15, 54, '19.47'),
(15, 55, '7.49'),
(15, 56, '5.06'),
(15, 57, '8.57'),
(15, 58, '8.57'),
(15, 106, '13.1'),
(15, 107, '13.1'),
(15, 108, '13.1'),
(15, 109, '13.1'),
(15, 110, '13.1'),
(15, 111, '13.1'),
(15, 112, '13.1'),
(15, 113, '13.1'),
(15, 114, '13.1'),
(15, 115, '13.1'),
(15, 116, '13.1'),
(15, 127, '8.57'),
(15, 130, '8.57'),
(15, 156, '1240'),
(15, 214, '7,2\r'),
(15, 219, '11,4\r'),
(15, 222, '7,2\r'),
(15, 224, '7,2\r'),
(15, 227, '5,06\r'),
(15, 230, '6,9\r'),
(15, 231, '7,2\r'),
(15, 268, '7,2\r'),
(15, 271, '1.239.83\r'),
(15, 296, '6.9\r'),
(15, 297, '727.73\r'),
(16, 35, '7.33'),
(16, 36, '4.4'),
(16, 37, '2.89'),
(16, 38, '2.27'),
(16, 39, '4.4'),
(16, 40, '4.4'),
(16, 41, '4.09'),
(16, 42, '12.93'),
(16, 43, '4.4'),
(16, 45, '4.4'),
(16, 46, '9.64'),
(16, 47, '4.4'),
(16, 48, '9.64'),
(16, 49, '7.41'),
(16, 50, '9.64'),
(16, 51, '7.41'),
(16, 52, '2.27'),
(16, 53, '7.41'),
(16, 54, '2.55'),
(16, 55, '4.09'),
(16, 56, '2.89'),
(16, 57, '4.75'),
(16, 58, '4.75'),
(16, 106, '7.33'),
(16, 107, '7.33'),
(16, 108, '7.33'),
(16, 109, '7.33'),
(16, 110, '7.33'),
(16, 111, '7.33'),
(16, 112, '7.33'),
(16, 113, '7.33'),
(16, 114, '7.33'),
(16, 115, '7.33'),
(16, 116, '7.33'),
(16, 127, '4.75'),
(16, 130, '4.75'),
(16, 156, '748'),
(16, 214, '2,82\r'),
(16, 219, '6,47\r'),
(16, 222, '2,82\r'),
(16, 224, '2,82\r'),
(16, 227, '2,89\r'),
(16, 230, '2,74\r'),
(16, 231, '2,82\r'),
(16, 268, '2,82\r'),
(16, 271, '748,26\r'),
(16, 296, '2.74\r'),
(16, 297, '417.25\r'),
(17, 35, '8.3'),
(17, 36, '4.95'),
(17, 37, '3.09'),
(17, 38, '2.63'),
(17, 39, '4.95'),
(17, 40, '4.95'),
(17, 41, '4.48'),
(17, 42, '7.22'),
(17, 43, '4.95'),
(17, 45, '4.95'),
(17, 46, '10.34'),
(17, 47, '4.95'),
(17, 48, '10.34'),
(17, 49, '12'),
(17, 50, '10.34'),
(17, 51, '12'),
(17, 52, '2.63'),
(17, 53, '12'),
(17, 54, '2.39'),
(17, 55, '4.48'),
(17, 56, '3.09'),
(17, 57, '5.2'),
(17, 58, '5.2'),
(17, 106, '8.3'),
(17, 107, '8.3'),
(17, 108, '8.3'),
(17, 109, '8.3'),
(17, 110, '8.3'),
(17, 111, '8.3'),
(17, 112, '8.3'),
(17, 113, '8.3'),
(17, 114, '8.3'),
(17, 115, '8.3'),
(17, 116, '8.3'),
(17, 127, '5.2'),
(17, 130, '5.2'),
(17, 156, '496.47'),
(17, 214, '4,44\r'),
(17, 219, '6,82\r'),
(17, 222, '4,41\r'),
(17, 224, '4,44\r'),
(17, 227, '3,09\r'),
(17, 230, '4,27\r'),
(17, 231, '4,44\r'),
(17, 268, '4,41\r'),
(17, 271, '496,47\r'),
(17, 296, '4.27\r'),
(17, 297, '331.59\r'),
(18, 35, '41.99'),
(18, 36, '26.13'),
(18, 37, '19.22'),
(18, 38, '12.75'),
(18, 39, '26.13'),
(18, 40, '26.13'),
(18, 41, '23.85'),
(18, 42, '41.84'),
(18, 43, '26.13'),
(18, 45, '26.13'),
(18, 46, '55.27'),
(18, 47, '26.13'),
(18, 48, '55.27'),
(18, 49, '43.26'),
(18, 50, '55.27'),
(18, 51, '43.26'),
(18, 52, '12.75'),
(18, 53, '43.26'),
(18, 54, '27'),
(18, 55, '23.85'),
(18, 56, '19.22'),
(18, 57, '25.74'),
(18, 58, '25.74'),
(18, 106, '41.99'),
(18, 107, '41.99'),
(18, 108, '41.99'),
(18, 109, '41.99'),
(18, 110, '41.99'),
(18, 111, '41.99'),
(18, 112, '41.99'),
(18, 113, '41.99'),
(18, 114, '41.99'),
(18, 115, '41.99'),
(18, 116, '41.99'),
(18, 127, '25.74'),
(18, 130, '25.74'),
(18, 156, '845'),
(18, 214, '22,27\r'),
(18, 219, '37,67\r'),
(18, 222, '22,27\r'),
(18, 224, '22,27\r'),
(18, 227, '19,22\r'),
(18, 230, '22,25\r'),
(18, 231, '22,27\r'),
(18, 268, '22,14\r'),
(18, 271, '844,69\r'),
(18, 296, '22.23\r'),
(18, 297, '878.73\r');

-- --------------------------------------------------------

--
-- Table structure for table `results`
--

CREATE TABLE `results` (
  `id` int(11) NOT NULL,
  `project_id` int(11) NOT NULL,
  `npv` float DEFAULT NULL,
  `protocol` longtext DEFAULT NULL,
  `datetime` date DEFAULT NULL,
  `data` blob DEFAULT NULL,
  `public_identifier` varchar(32) NOT NULL COMMENT 'Identifier of the project in form of a hash (project_id + rand), to use in results filenames and other situations when direct public access to a file should be provided. Should be generated upon creation of the project record.'
) ENGINE=InnoDB DEFAULT CHARSET=utf8 COLLATE=utf8_general_ci;

-- --------------------------------------------------------

--
-- Table structure for table `services`
--

CREATE TABLE `services` (
  `id` int(11) NOT NULL,
  `service_name` varchar(400) DEFAULT NULL,
  `defaultset` tinyint(1) DEFAULT NULL,
  `users_id` int(11) DEFAULT NULL,
  `latency_low` int(11) DEFAULT NULL,
  `latency_medium` int(11) DEFAULT NULL,
  `latency_high` int(11) DEFAULT NULL,
  `bitrate_low` double DEFAULT NULL,
  `bitrate_medium` double DEFAULT NULL,
  `bitrate_high` double DEFAULT NULL,
  `intensity_low` double DEFAULT NULL,
  `intensity_medium` double DEFAULT NULL,
  `intensity_high` double DEFAULT NULL,
  `datavolume_low` double DEFAULT NULL,
  `datavolume_medium` double DEFAULT NULL,
  `datavolume_high` double DEFAULT NULL,
  `service_name_ru` varchar(400) DEFAULT NULL,
  `service_name_fr` varchar(400) DEFAULT NULL,
  `service_name_es` varchar(400) DEFAULT NULL,
  `service_name_zh` varchar(400) DEFAULT NULL,
  `service_name_ar` varchar(400) DEFAULT NULL
) ENGINE=InnoDB DEFAULT CHARSET=utf8mb4 COLLATE=utf8mb4_general_ci;

-- --------------------------------------------------------

--
-- Table structure for table `templates`
--

CREATE TABLE `templates` (
  `id` int(11) NOT NULL,
  `template_type` enum('INPUTSIMPLE','INPUTEXTENDED','OUTPUTSIMPLE','OUTPUTEXTENDED') NOT NULL,
  `filename` varchar(45) NOT NULL,
  `class` varchar(45) DEFAULT NULL,
  `fingerprint` varchar(40) DEFAULT NULL,
  `description` varchar(400) DEFAULT NULL,
  `is_broadband_required` tinyint(1) DEFAULT NULL,
  `is_bandwidth_calc_required` tinyint(1) DEFAULT NULL,
  `is_lan_required` tinyint(1) DEFAULT NULL,
  `description_ru` varchar(400) DEFAULT NULL,
  `description_fr` varchar(400) DEFAULT NULL,
  `description_es` varchar(400) DEFAULT NULL,
  `description_zh` varchar(400) DEFAULT NULL,
  `description_ar` varchar(400) DEFAULT NULL
) ENGINE=InnoDB DEFAULT CHARSET=utf8 COLLATE=utf8_general_ci;

--
-- Dumping data for table `templates`
--

INSERT INTO `templates` (`id`, `template_type`, `filename`, `class`, `fingerprint`, `description`, `is_broadband_required`, `is_bandwidth_calc_required`, `is_lan_required`, `description_ru`, `description_fr`, `description_es`, `description_zh`, `description_ar`) VALUES
(1, 'INPUTSIMPLE', 'in_SimpleBBCalcOnly.xlsx', 'SimpleBBCalcOnly', '40c2b036931c244e131ceaa2888a39d7a8261540', 'Total number of users (pupils, teachers, etc.) without detalisation by groups; Distance to the fiber ', 1, 1, 0, NULL, NULL, NULL, NULL, NULL),
(2, 'INPUTEXTENDED', 'in_ExtendedBBCalcOnly.xlsx', 'ExtendedBBCalcOnly', '75d0ff30731502f435b1e6b17f3d42ab2f482604', 'Number users detalized by groups (pupils, teachers, guests etc.); Distance to the fiber ', 1, 1, 0, NULL, NULL, NULL, NULL, NULL),
(3, 'INPUTSIMPLE', 'in_SimpleBBCalcLAN.xlsx', 'SimpleBBCalcLAN', 'f6dc039ea0c904cb48492c995410b0b0552066c2', 'Total number of users (pupils, teachers, etc.) without detalisation by groups; Distance to the fiber; Optionally: School building area (could be assumed from number of users withid the template)', 1, 1, 1, NULL, NULL, NULL, NULL, NULL),
(4, 'INPUTEXTENDED', 'in_ExtendedBBCalcLAN.xlsx', 'ExtendedBBCalcLAN', '6c850afad28f5be52de147fad0265e80871949b8', 'Number users detalized by groups (pupils, teachers, guests etc.); Distance to the fiber; School building parameters, including  school building width&length (or its area) and number of floors', 1, 1, 1, NULL, NULL, NULL, NULL, NULL),
(5, 'INPUTSIMPLE', 'in_BBRBOnly.xlsx', 'BBRBOnly', '35a5b7752cf0fb92eb6dc14ddae080dcfdf66e51', 'Required Bandwidth for connecting school; Distance to the fiber ', 1, 0, 0, NULL, NULL, NULL, NULL, NULL),
(7, 'INPUTSIMPLE', 'in_SimpleBBRBLAN.xlsx', 'SimpleBBRBLAN', '06eb535b539d95bd0ceec5d2c5920603c6fbe8d6', 'Required Bandwidth for connecting school; Distance to the fiber; School building area', 1, 0, 1, NULL, NULL, NULL, NULL, NULL),
(8, 'INPUTEXTENDED', 'in_ExtendedBBRBLAN.xlsx', 'ExtendedBBRBLAN', '6b26576eb00f3ac1bd89319b77e49f54c8ae77f0', 'Required Bandwidth for connecting school; Distance to the fiber; School building parameters, including  school building width&length (or its area) and number of floors', 1, 0, 1, NULL, NULL, NULL, NULL, NULL),
(9, 'INPUTSIMPLE', 'in_SimpleLANOnly.xlsx', 'SimpleLANOnly', '1c66a22c6b53b340f73db6c5809074fc3d32bca2', 'School building area', 0, 0, 1, NULL, NULL, NULL, NULL, NULL),
(10, 'INPUTEXTENDED', 'in_ExtendedLANOnly.xlsx', 'ExtendedLANOnly', 'a91c7c9a5bd3bd17f62f839c82fc20f53976b97e', 'School building parameters, including  school building width&length (or its area) and number of floors', 0, 0, 1, NULL, NULL, NULL, NULL, NULL),
(11, 'OUTPUTSIMPLE', 'BBRBOnly.xlsx', 'BBRBOnly', NULL, NULL, 1, 0, 0, NULL, NULL, NULL, NULL, NULL),
(12, 'OUTPUTEXTENDED', 'BBRBOnly.xlsx', 'BBRBOnly', NULL, NULL, 1, 0, 0, NULL, NULL, NULL, NULL, NULL),
(13, 'OUTPUTEXTENDED', 'ExtendedBBCalcOnly.xlsx', 'ExtendedBBCalcOnly', NULL, NULL, 1, 1, 0, NULL, NULL, NULL, NULL, NULL),
(14, 'OUTPUTEXTENDED', 'ExtendedLANOnly.xlsx', 'ExtendedLANOnly', NULL, NULL, 0, 0, 1, NULL, NULL, NULL, NULL, NULL),
(15, 'OUTPUTSIMPLE', 'SimpleBBRBLAN.xlsx', 'SimpleBBRBLAN', NULL, NULL, 1, 0, 1, NULL, NULL, NULL, NULL, NULL),
(16, 'OUTPUTSIMPLE', 'SimpleLANOnly.xlsx', 'SimpleLANOnly', NULL, NULL, 0, 0, 1, NULL, NULL, NULL, NULL, NULL),
(17, 'OUTPUTEXTENDED', 'ExtendedBBCalcLAN.xlsx', 'ExtendedBBCalcLAN', NULL, NULL, 1, 1, 1, NULL, NULL, NULL, NULL, NULL),
(18, 'OUTPUTEXTENDED', 'ExtendedBBRBLAN.xlsx', 'ExtendedBBRBLAN', NULL, NULL, 1, 0, 1, NULL, NULL, NULL, NULL, NULL),
(19, 'OUTPUTSIMPLE', 'SimpleBBCalcLAN.xlsx', 'SimpleBBCalcLAN', NULL, NULL, 1, 1, 1, NULL, NULL, NULL, NULL, NULL),
(20, 'OUTPUTSIMPLE', 'SimpleBBCalcOnly.xlsx', 'SimpleBBCalcOnly', NULL, NULL, 1, 1, 0, NULL, NULL, NULL, NULL, NULL),
(29, 'INPUTSIMPLE', 'in_SimpleBBCalcOnly.csv', 'SimpleBBCalcOnly', '49a065502f2bfd48d76bf6927f1e86efe1fb78da', 'Total number of users (pupils, teachers, etc.) without detalisation by groups; Distance to the fiber ', 1, 1, 0, NULL, NULL, NULL, NULL, NULL),
(30, 'INPUTEXTENDED', 'in_ExtendedBBCalcOnly.csv', 'ExtendedBBCalcOnly', '49a065502f2bfd48d76bf6927f1e86efe1fb78da', 'Number users detalized by groups (pupils, teachers, guests etc.); Distance to the fiber ', 1, 1, 0, NULL, NULL, NULL, NULL, NULL),
(31, 'INPUTSIMPLE', 'in_SimpleBBCalcLAN.csv', 'SimpleBBCalcLAN', '169935d9f6be6d1c4cb01a792eeff81eae46508e', 'Total number of users (pupils, teachers, etc.) without detalisation by groups; Distance to the fiber; Optionally: School building area (could be assumed from number of users withid the template)', 1, 1, 1, NULL, NULL, NULL, NULL, NULL),
(32, 'INPUTEXTENDED', 'in_ExtendedBBCalcLAN.csv', 'ExtendedBBCalcLAN', '11f2673d0f946803daac06e5f371325ae46d931d', 'Number users detalized by groups (pupils, teachers, guests etc.); Distance to the fiber; School building parameters, including  school building width&length (or its area) and number of floors', 1, 1, 1, NULL, NULL, NULL, NULL, NULL),
(33, 'INPUTSIMPLE', 'in_BBRBOnly.csv', 'BBRBOnly', '9c1a2adfc95dc240e38ea68eb7da8ef8ecbb68fd', 'Required Bandwidth for connecting school; Distance to the fiber ', 1, 0, 0, NULL, NULL, NULL, NULL, NULL),
(34, 'INPUTSIMPLE', 'in_SimpleBBRBLAN.csv', 'SimpleBBRBLAN', '3f88596eef673cf34bf5c9a26f1b2f20edb60349', 'Required Bandwidth for connecting school; Distance to the fiber; School building area', 1, 0, 1, NULL, NULL, NULL, NULL, NULL),
(35, 'INPUTEXTENDED', 'in_ExtendedBBRBLAN.csv', 'ExtendedBBRBLAN', '6fa48f9722ab0d9f4c2bb7a453b615f9390e0141', 'Required Bandwidth for connecting school; Distance to the fiber; School building parameters, including  school building width&length (or its area) and number of floors', 1, 0, 1, NULL, NULL, NULL, NULL, NULL),
(36, 'INPUTSIMPLE', 'in_SimpleLANOnly.csv', 'SimpleLANOnly', '5728dd03de5669bea5d2e2a0141d8bbf85ea5938', 'School building area', 0, 0, 1, NULL, NULL, NULL, NULL, NULL),
(37, 'INPUTEXTENDED', 'in_ExtendedLANOnly.csv', 'ExtendedLANOnly', 'fe9c5781666ac2d02627d020098865649e7f1c69', 'School building parameters, including  school building width&length (or its area) and number of floors', 0, 0, 1, NULL, NULL, NULL, NULL, NULL),
(38, 'INPUTSIMPLE', 'GlobalInputTemplate', 'GlobalInputTemplate', NULL, NULL, 0, 0, 0, NULL, NULL, NULL, NULL, NULL),
(39, 'OUTPUTSIMPLE', 'GlobalOutputTemplate', 'GlobalOutputTemplate', NULL, NULL, 0, 0, 0, '', NULL, NULL, NULL, NULL);

-- --------------------------------------------------------

--
-- Table structure for table `templates_has_variables`
--

CREATE TABLE `templates_has_variables` (
  `templates_id` int(11) NOT NULL,
  `variables_id` int(11) NOT NULL,
  `templates_col_number` int(11) NOT NULL
) ENGINE=InnoDB DEFAULT CHARSET=utf8 COLLATE=utf8_general_ci;

--
-- Dumping data for table `templates_has_variables`
--

INSERT INTO `templates_has_variables` (`templates_id`, `variables_id`, `templates_col_number`) VALUES
(1, 29, 9),
(1, 99, 11),
(2, 29, 9),
(3, 29, 9),
(3, 91, 34),
(3, 92, 33),
(3, 99, 12),
(4, 29, 9),
(4, 90, 19),
(4, 91, 18),
(4, 92, 17),
(5, 29, 9),
(5, 31, 10),
(7, 29, 9),
(7, 31, 10),
(7, 91, 13),
(7, 92, 12),
(8, 29, 9),
(8, 31, 10),
(8, 90, 13),
(8, 91, 12),
(8, 92, 11),
(9, 91, 7),
(9, 92, 6),
(10, 90, 7),
(10, 91, 6),
(10, 92, 5);

-- --------------------------------------------------------

--
-- Table structure for table `traffic_profiles`
--

CREATE TABLE `traffic_profiles` (
  `id` int(11) NOT NULL,
  `profile_name` varchar(400) DEFAULT NULL,
  `quality_level` enum('LOW','MEDIUM','HIGH') DEFAULT NULL,
  `defaultset` tinyint(1) DEFAULT NULL,
  `users_id` int(11) DEFAULT NULL,
  `project_id` int(11) NOT NULL,
  `description_en` text DEFAULT NULL,
  `description_ru` text DEFAULT NULL,
  `description_fr` text DEFAULT NULL,
  `description_es` text DEFAULT NULL,
  `description_zh` text DEFAULT NULL,
  `description_ar` text DEFAULT NULL
) ENGINE=InnoDB DEFAULT CHARSET=utf8mb4 COLLATE=utf8mb4_general_ci;

-- --------------------------------------------------------

--
-- Table structure for table `traffic_sources`
--

CREATE TABLE `traffic_sources` (
  `id` int(11) NOT NULL,
  `trafficsource_name` varchar(400) DEFAULT NULL,
  `trafficsource_name_ru` varchar(400) DEFAULT NULL,
  `trafficsource_name_fr` varchar(400) DEFAULT NULL,
  `trafficsource_name_es` varchar(400) DEFAULT NULL,
  `trafficsource_name_zh` varchar(400) DEFAULT NULL,
  `trafficsource_name_ar` varchar(400) DEFAULT NULL
) ENGINE=InnoDB DEFAULT CHARSET=utf8 COLLATE=utf8_general_ci;

--
-- Dumping data for table `traffic_sources`
--

INSERT INTO `traffic_sources` (`id`, `trafficsource_name`, `trafficsource_name_ru`, `trafficsource_name_fr`, `trafficsource_name_es`, `trafficsource_name_zh`, `trafficsource_name_ar`) VALUES
(1, 'Primary school students\' workstations (or laptops) in the classrooms', NULL, NULL, NULL, NULL, NULL),
(2, 'Primary school students\' mobile devices', NULL, NULL, NULL, NULL, NULL),
(3, 'Secondary school students\' workstations (or laptops) in the classrooms', NULL, NULL, NULL, NULL, NULL),
(4, 'Secondary school students\' mobile devices', NULL, NULL, NULL, NULL, NULL),
(5, 'High school students\' workstations (or laptops) in the classrooms', NULL, NULL, NULL, NULL, NULL),
(6, 'High school students\' mobile devices', NULL, NULL, NULL, NULL, NULL),
(7, 'Teaching staff\' workstations (or laptops) in the teacher\'s offices or in the classrooms', NULL, NULL, NULL, NULL, NULL),
(8, 'Teaching staff\' mobile devices', NULL, NULL, NULL, NULL, NULL),
(9, 'Administrative personel\' workstations (or laptops) in the  offices', NULL, NULL, NULL, NULL, NULL),
(10, 'Administrative personel\' mobile devices Guests\' and community\'s mobile devices', NULL, NULL, NULL, NULL, NULL),
(11, 'Mobile devices of guests', NULL, NULL, NULL, NULL, NULL);

-- --------------------------------------------------------

--
-- Table structure for table `users`
--

CREATE TABLE `users` (
  `id` int(11) NOT NULL,
  `email` varchar(64) DEFAULT NULL,
  `password` varchar(64) DEFAULT NULL,
  `firstname` varchar(45) DEFAULT NULL,
  `lastname` varchar(45) DEFAULT NULL,
  `role` enum('guest','admin','sysadmin') DEFAULT 'admin' COMMENT 'Guest\\nUser\\n',
  `last_activity_date` date DEFAULT NULL,
  `registration_date` varchar(45) DEFAULT NULL,
  `status` enum('active','suspended','deleted') DEFAULT 'active',
  `preferred_language` varchar(10) DEFAULT 'en',
  `app_mode` enum('schools','countries','global') NOT NULL DEFAULT 'countries'
) ENGINE=InnoDB DEFAULT CHARSET=utf8 COLLATE=utf8_general_ci COMMENT='Information about all users of the System';

--
-- Dumping data for table `users`
--

INSERT INTO `users` (`id`, `email`, `password`, `firstname`, `lastname`, `role`, `last_activity_date`, `registration_date`, `status`, `preferred_language`, `app_mode`) VALUES
(1, 'admin@itu.int', '$2y$10$3tjUIMW5siC5goP0CkUPzeezIfHvZyFrjIv7/CaLo4jBjbyG.h/R2', 'admin', 'admin', 'sysadmin', NULL, '2024-03-28 12:25:05', 'active', 'en', 'global'),
(2, 'admin@itu.int', '$2y$10$3tjUIMW5siC5goP0CkUPzeezIfHvZyFrjIv7/CaLo4jBjbyG.h/R2', 'admin', 'admin', 'sysadmin', NULL, '2024-03-28 12:26:11', 'active', 'en', 'schools'),
(3, 'admin@itu.int', '$2y$10$3tjUIMW5siC5goP0CkUPzeezIfHvZyFrjIv7/CaLo4jBjbyG.h/R2', 'admin', 'admin', 'sysadmin', NULL, '2024-03-28 12:27:58', 'active', 'en', 'countries'),
(324, 'test@example.com', '$2a$12$vOP5h6wofekEUMNW8oTbJ.xImdF4sFcDLcEuEAsDGXzrorqbk/D.y', 'Test', 'User', 'admin', NULL, '2024-09-10 10:49:16', 'active', 'en', 'global');

-- --------------------------------------------------------

--
-- Table structure for table `users_has_country`
--

CREATE TABLE `users_has_country` (
  `users_id` int(11) NOT NULL,
  `country_id` int(11) NOT NULL
) ENGINE=InnoDB DEFAULT CHARSET=utf8 COLLATE=utf8_general_ci;

--
-- Dumping data for table `users_has_country`
--

INSERT INTO `users_has_country` (`users_id`, `country_id`) VALUES
(1, 18),
(1, 29),
(1, 186),
(2, 18),
(2, 29),
(3, 18),
(4, 18),
(4, 29),
(8, 18),
(8, 29),
(15, 18),
(15, 29),
(71, 18),
(71, 55),
(71, 102),
(142, 18),
(142, 29),
(191, 18),
(191, 29),
(193, 12),
(193, 55),
(193, 102),
(194, 6),
(194, 12),
(194, 18),
(194, 29),
(194, 37),
(194, 55),
(194, 66),
(194, 69),
(194, 87),
(194, 100),
(194, 102),
(194, 118),
(194, 188),
(195, 18),
(195, 29),
(195, 55),
(195, 69),
(195, 102),
(195, 186),
(195, 188),
(197, 55),
(197, 66),
(197, 69),
(200, 55),
(201, 55),
(202, 55),
(203, 55),
(204, 55),
(205, 55),
(206, 55),
(207, 55),
(208, 55),
(209, 55),
(210, 6),
(210, 12),
(210, 29),
(210, 55),
(210, 69),
(211, 18),
(211, 37),
(211, 55),
(211, 87),
(214, 55),
(215, 55),
(216, 55),
(217, 55),
(218, 55),
(219, 18),
(219, 55),
(227, 12),
(227, 29),
(227, 69),
(229, 100),
(230, 186),
(231, 186),
(232, 186),
(233, 186),
(234, 186),
(235, 186),
(236, 186),
(237, 186),
(238, 186),
(239, 186),
(242, 6),
(242, 12),
(242, 18),
(242, 29),
(242, 37),
(242, 55),
(242, 66),
(242, 69),
(242, 87),
(242, 100),
(242, 102),
(242, 118),
(242, 188),
(243, 6),
(243, 55),
(243, 66),
(243, 100),
(244, 118),
(244, 186),
(245, 118),
(245, 186),
(246, 118),
(246, 186),
(247, 118),
(247, 186),
(248, 118),
(248, 186),
(249, 118),
(249, 186),
(250, 118),
(250, 186),
(251, 118),
(251, 186),
(252, 118),
(252, 186),
(253, 118),
(253, 186),
(254, 118),
(254, 186),
(255, 118),
(255, 186),
(256, 118),
(256, 186),
(257, 118),
(257, 186),
(258, 118),
(258, 186),
(259, 118),
(259, 186),
(260, 118),
(260, 186),
(261, 118),
(261, 186),
(262, 118),
(262, 186),
(263, 118),
(263, 186),
(264, 118),
(264, 186),
(265, 118),
(265, 186),
(266, 118),
(266, 186),
(267, 118),
(267, 186),
(268, 118),
(268, 186),
(269, 118),
(269, 186),
(270, 118),
(270, 186),
(271, 118),
(271, 186),
(272, 118),
(272, 186),
(273, 118),
(273, 186),
(282, 6),
(282, 18),
(284, 37),
(284, 188),
(306, 6);

-- --------------------------------------------------------

--
-- Table structure for table `variables`
--

CREATE TABLE `variables` (
  `id` int(11) NOT NULL,
  `name` varchar(100) NOT NULL,
  `description` varchar(250) DEFAULT NULL,
  `type_of_value` enum('INT','DOUBLE','STRING','JSON') DEFAULT NULL,
  `value` varchar(250) DEFAULT NULL,
  `unit` varchar(45) DEFAULT NULL,
  `type_of_variable` enum('PROJECT','SPECIFIC') NOT NULL,
  `technology` enum('FOCL','RTS','SC','WIFI','ETHERNET','CELLULAR','ELECTRICITY','SLEVEL','DLEVEL','ALEVEL') DEFAULT NULL,
  `var_class` enum('Financial indicators','Cost of equipment & materials','Personnel labor cost','Technology specific indicators','Standard labor costs','Organizational indicators','Network desing specific parameters','Building parameters','Simplified','Costless','General','Topology','Control','Last Mile') DEFAULT NULL,
  `name_ru` varchar(100) DEFAULT NULL,
  `description_ru` varchar(250) DEFAULT NULL,
  `name_fr` varchar(100) DEFAULT NULL,
  `description_fr` varchar(250) DEFAULT NULL,
  `name_es` varchar(100) DEFAULT NULL,
  `description_es` varchar(250) DEFAULT NULL,
  `name_zh` varchar(100) DEFAULT NULL,
  `description_zh` varchar(250) DEFAULT NULL,
  `name_ar` varchar(100) DEFAULT NULL,
  `description_ar` varchar(250) DEFAULT NULL,
  `unit_ru` varchar(45) DEFAULT NULL,
  `unit_fr` varchar(45) DEFAULT NULL,
  `unit_es` varchar(45) DEFAULT NULL,
  `unit_zh` varchar(45) DEFAULT NULL,
  `unit_ar` varchar(45) DEFAULT NULL,
  `min_val` float DEFAULT NULL,
  `max_val` float DEFAULT NULL,
  `app_mode` enum('schools','countries','global','all') DEFAULT 'all'
) ENGINE=InnoDB DEFAULT CHARSET=utf8 COLLATE=utf8_general_ci;

--
-- Dumping data for table `variables`
--

INSERT INTO `variables` (`id`, `name`, `description`, `type_of_value`, `value`, `unit`, `type_of_variable`, `technology`, `var_class`, `name_ru`, `description_ru`, `name_fr`, `description_fr`, `name_es`, `description_es`, `name_zh`, `description_zh`, `name_ar`, `description_ar`, `unit_ru`, `unit_fr`, `unit_es`, `unit_zh`, `unit_ar`, `min_val`, `max_val`, `app_mode`) VALUES
(1, 'InitialDataRadio.ReliefCoef', 'Evolution coefficient of retransmission path length depending on the relief', 'DOUBLE', '0.6', '-', 'PROJECT', 'RTS', 'Technology specific indicators', '', '', '', '', '', '', '', '', '', '', '', '', '', '', '', 0, 1, 'all'),
(2, 'PVOptionSet.DiscountRate', 'Discount Rate', 'DOUBLE', '11.00', '%', 'PROJECT', NULL, 'Financial indicators', NULL, NULL, NULL, NULL, NULL, NULL, NULL, NULL, NULL, NULL, NULL, NULL, NULL, NULL, NULL, 0, 50, 'all'),
(3, 'PVOptionSet.ProfitTax', 'Corporate tax rate', 'DOUBLE', '17.00', '%', 'PROJECT', NULL, 'Financial indicators', NULL, NULL, NULL, NULL, NULL, NULL, NULL, NULL, NULL, NULL, NULL, NULL, NULL, NULL, NULL, 0, 50, 'all'),
(4, 'InitialDataFOCL.AnnualLaborNormCDm', 'Typical annual labor cost for cable duct maintenance', 'DOUBLE', '20', 'hour/km', 'PROJECT', 'FOCL', 'Standard labor costs', '', '', '', '', '', '', '', '', '', '', '', '', '', '', '', 0, 10000, 'all'),
(5, 'InitialDataFOCL.AnnualLaborNormFOCLm', 'Typical annual labor cost for FOCL maintenance along route', 'DOUBLE', '20', 'hour/km', 'PROJECT', 'FOCL', 'Standard labor costs', '', '', '', '', '', '', '', '', '', '', '', '', '', '', '', 0, 10000, 'all'),
(6, 'InitialDataFOCL.LaborCostNormCDC', 'Labor cost norms for cable duct construction', 'DOUBLE', '20', 'hour/km', 'PROJECT', 'FOCL', 'Standard labor costs', '', '', '', '', '', '', '', '', '', '', '', '', '', '', '', 0, 10000, 'all'),
(7, 'InitialDataFOCL.LaborCostNormGeo', 'Labor cost norms for geodetic work along FOCL route between localities (communities)', 'DOUBLE', '20', 'hour/km', 'PROJECT', 'FOCL', 'Standard labor costs', '', '', '', '', '', '', '', '', '', '', '', '', '', '', '', 0, 10000, 'all'),
(8, 'InitialDataFOCL.LaborCostNormHDD', 'Labor cost norms for roads crossings construction by horizontal directional drilling', 'DOUBLE', '20', 'hour/km', 'PROJECT', 'FOCL', 'Standard labor costs', '', '', '', '', '', '', '', '', '', '', '', '', '', '', '', 0, 10000, 'all'),
(9, 'InitialDataFOCL.LaborCostNormLC', 'Labor cost norms for FOCL laying by cable layer', 'DOUBLE', '20', 'hour/km', 'PROJECT', 'FOCL', 'Standard labor costs', '', '', '', '', '', '', '', '', '', '', '', '', '', '', '', 0, 10000, 'all'),
(10, 'InitialDataFOCL.LaborCostNormST', 'Labor cost norms for signaling test along the route', 'DOUBLE', '20', 'hour/km', 'PROJECT', 'FOCL', 'Standard labor costs', '', '', '', '', '', '', '', '', '', '', '', '', '', '', '', 0, 10000, 'all'),
(11, 'InitialDataFOCL.AnnualLaborNormBEFm', 'Typical annual labor cost for maintenance of building entrance facilities', 'DOUBLE', '100', 'hour/unit', 'PROJECT', 'FOCL', 'Standard labor costs', '', '', '', '', '', '', '', '', '', '', '', '', '', '', '', 0, 10000, 'all'),
(12, 'InitialDataFOCL.AnnualLaborNormODFm', 'Typical annual labor cost for ODF maintenance', 'DOUBLE', '100', 'hour/unit', 'PROJECT', 'FOCL', 'Standard labor costs', '', '', '', '', '', '', '', '', '', '', '', '', '', '', '', 0, 10000, 'all'),
(13, 'InitialDataFOCL.LaborCostNormCCI', 'Labor cost norms for cable couplings installation', 'DOUBLE', '100', 'hour/unit', 'PROJECT', 'FOCL', 'Standard labor costs', '', '', '', '', '', '', '', '', '', '', '', '', '', '', '', 0, 10000, 'all'),
(14, 'InitialDataFOCL.LaborCostNormCMh', 'Labor cost norms for cable manhole construction including FOC installation', 'DOUBLE', '100', 'hour/unit', 'PROJECT', 'FOCL', 'Standard labor costs', '', '', '', '', '', '', '', '', '', '', '', '', '', '', '', 0, 10000, 'all'),
(15, 'InitialDataFOCL.LaborCostNormODF', 'Labor cost norms ODF installation, including materials for the organization of cable glands', 'DOUBLE', '100', 'hour/unit', 'PROJECT', 'FOCL', 'Standard labor costs', '', '', '', '', '', '', '', '', '', '', '', '', '', '', '', 0, 10000, 'all'),
(16, 'InitialDataRadio.AnnualLaborAFD', 'Typical annual labor cost for antenna feeder devices maintenance', 'DOUBLE', '100', 'hour/unit', 'PROJECT', 'RTS', 'Standard labor costs', '', '', '', '', '', '', '', '', '', '', '', '', '', '', '', 0, 10000, 'all'),
(17, 'InitialDataRadio.AnnualLaborPylon', 'Typical annual labor cost for RTS pylon maintenance', 'DOUBLE', '100', 'hour/unit', 'PROJECT', 'RTS', 'Standard labor costs', '', '', '', '', '', '', '', '', '', '', '', '', '', '', '', 0, 10000, 'all'),
(18, 'InitialDataRadio.AnnualLaborRTS', 'Typical annual labor cost for internal RTS devices maintenance', 'DOUBLE', '100', 'hour/unit', 'PROJECT', 'RTS', 'Standard labor costs', '', '', '', '', '', '', '', '', '', '', '', '', '', '', '', 0, 10000, 'all'),
(19, 'InitialDataRadio.LaborNormsAFDinst', 'Labor cost norms for antenna feeder devices installation and commissioning', 'DOUBLE', '100', 'hour/unit', 'PROJECT', 'RTS', 'Standard labor costs', '', '', '', '', '', '', '', '', '', '', '', '', '', '', '', 0, 10000, 'all'),
(20, 'InitialDataRadio.LaborNormsDesign', 'Labor cost norms for design solutions coordination on RTS construction', 'DOUBLE', '100', 'hour/unit', 'PROJECT', 'RTS', 'Standard labor costs', '', '', '', '', '', '', '', '', '', '', '', '', '', '', '', 0, 10000, 'all'),
(21, 'InitialDataRadio.LaborNormsGeoPylon', 'Labor cost norms for geodetic work at RTS pylon location', 'DOUBLE', '100', 'hour/unit', 'PROJECT', 'RTS', 'Standard labor costs', '', '', '', '', '', '', '', '', '', '', '', '', '', '', '', 0, 10000, 'all'),
(22, 'InitialDataRadio.LaborNormsInternalRTS', 'Labor cost norms for internal RTS devices installation and commissioning', 'DOUBLE', '100', 'hour/unit', 'PROJECT', 'RTS', 'Standard labor costs', '', '', '', '', '', '', '', '', '', '', '', '', '', '', '', 0, 10000, 'all'),
(23, 'InitialDataRadio.LaborNormsPylon', 'Labor cost norms for pylon construction of RTS antenna feeder devices', 'DOUBLE', '100', 'hour/unit', 'PROJECT', 'RTS', 'Standard labor costs', '', '', '', '', '', '', '', '', '', '', '', '', '', '', '', 0, 10000, 'all'),
(24, 'InitialDataSatelite.AnnualLaborOfServiceVSAT', 'Typical annual labor costs for the service of antenna-feeder devices', 'DOUBLE', '100', 'hour/unit', 'PROJECT', 'SC', 'Standard labor costs', '', '', '', '', '', '', '', '', '', '', '', '', '', '', '', 0, 10000, 'all'),
(25, 'InitialDataSatelite.LaborOfInstallVSAT', 'Labor cost for installation and configuration of VSAT sets', 'DOUBLE', '100', 'hour/unit', 'PROJECT', 'SC', 'Standard labor costs', '', '', '', '', '', '', '', '', '', '', '', '', '', '', '', 0, 10000, 'all'),
(26, 'InitialDataFOCL.LaborCostNormSC', 'Labor cost norms for design solutions coordination', 'DOUBLE', '10', 'hours/project', 'PROJECT', 'FOCL', 'Standard labor costs', '', '', '', '', '', '', '', '', '', '', '', '', '', '', '', 0, 10000, 'all'),
(27, 'InitialDataFOCL.LaborCostNormTS', 'Labor cost norms for technical specifications design', 'DOUBLE', '10', 'hours/project', 'PROJECT', 'FOCL', 'Standard labor costs', '', '', '', '', '', '', '', '', '', '', '', '', '', '', '', 0, 10000, 'all'),
(28, 'InitialDataRadio.RetransmissionLength', 'Retransmission path length by selected technology', 'DOUBLE', '15', 'km', 'PROJECT', 'RTS', 'Technology specific indicators', '', '', '', '', '', '', '', '', '', '', '', '', '', '', '', 0, 300, 'all'),
(29, 'SchoolSpecificData.Length', 'Distance to the fiber', 'DOUBLE', '15.00', 'km', 'SPECIFIC', NULL, NULL, NULL, NULL, NULL, NULL, NULL, NULL, NULL, NULL, NULL, NULL, NULL, NULL, NULL, NULL, NULL, 0, 10000, 'schools'),
(30, 'InitialDataSatelite.ChannelCapacity', 'Communication channel capacity per single satellite Internet channel', 'DOUBLE', '5', 'Mbit/s', 'PROJECT', 'SC', 'Technology specific indicators', '', '', '', '', '', '', '', '', '', '', '', '', '', '', '', 0, 10000, 'all'),
(31, 'SchoolSpecificData.RequiredBandwidth', 'Required bandwidth', 'DOUBLE', '5', 'Mbit/s', 'SPECIFIC', NULL, NULL, NULL, NULL, NULL, NULL, NULL, NULL, NULL, NULL, NULL, NULL, NULL, NULL, NULL, NULL, NULL, 0, 10000, 'schools'),
(32, 'InitialDataRadio.NumberOfTerminals', 'Number of terminal RTS by selected technology', 'INT', '2', 'unit', 'PROJECT', 'RTS', 'Technology specific indicators', '', '', '', '', '', '', '', '', '', '', '', '', '', '', '', 1, 2, 'all'),
(33, 'InitialDataFOCL.NumberBEF', 'Number of building entrance facilities', 'INT', '2', 'unit (pcs)', 'PROJECT', 'FOCL', 'Technology specific indicators', '', '', '', '', '', '', '', '', '', '', '', '', '', '', '', 1, 2, 'all'),
(34, 'InitialDataFOCL.NumberODF', 'Number of Fiber optic patch panels  (ODF)', 'INT', '2', 'unit (pcs)', 'PROJECT', 'FOCL', 'Technology specific indicators', '', '', '', '', '', '', '', '', '', '', '', '', '', '', '', 1, 2, 'all'),
(35, 'InitialDataFOCL.CostNormBEFm', 'Typical cost for maintenance of building entrance facilities', 'DOUBLE', '100', 'USD/hour', 'PROJECT', 'FOCL', 'Personnel labor cost', '', '', '', '', '', '', '', '', '', '', '', '', '', '', '', 0, 10000, 'all'),
(36, 'InitialDataFOCL.CostNormCCI', 'Cost norms for cable couplings installation', 'DOUBLE', '100', 'USD/hour', 'PROJECT', 'FOCL', 'Personnel labor cost', '', '', '', '', '', '', '', '', '', '', '', '', '', '', '', 0, 10000, 'all'),
(37, 'InitialDataFOCL.CostNormCDC', 'Cost norms for cable duct construction', 'DOUBLE', '100', 'USD/hour', 'PROJECT', 'FOCL', 'Personnel labor cost', '', '', '', '', '', '', '', '', '', '', '', '', '', '', '', 0, 10000, 'all'),
(38, 'InitialDataFOCL.CostNormCDm', 'Typical cost for cable duct maintenance', 'DOUBLE', '100', 'USD/hour', 'PROJECT', 'FOCL', 'Personnel labor cost', '', '', '', '', '', '', '', '', '', '', '', '', '', '', '', 0, 10000, 'all'),
(39, 'InitialDataFOCL.CostNormCMh', 'Cost norms for cable manhole construction', 'DOUBLE', '100', 'USD/hour', 'PROJECT', 'FOCL', 'Personnel labor cost', '', '', '', '', '', '', '', '', '', '', '', '', '', '', '', 0, 10000, 'all'),
(40, 'InitialDataFOCL.CostNormFOCLm', 'Typical cost for FOCL maintenance', 'DOUBLE', '100', 'USD/hour', 'PROJECT', 'FOCL', 'Personnel labor cost', '', '', '', '', '', '', '', '', '', '', '', '', '', '', '', 0, 10000, 'all'),
(41, 'InitialDataFOCL.CostNormGeo', 'Cost norms for  geodetic work along object route', 'DOUBLE', '100', 'USD/hour', 'PROJECT', 'FOCL', 'Personnel labor cost', '', '', '', '', '', '', '', '', '', '', '', '', '', '', '', 0, 10000, 'all'),
(42, 'InitialDataFOCL.CostNormHDD', 'Cost norms for roads crossings construction by horizontal directional drilling', 'DOUBLE', '100', 'USD/hour', 'PROJECT', 'FOCL', 'Personnel labor cost', '', '', '', '', '', '', '', '', '', '', '', '', '', '', '', 0, 10000, 'all'),
(43, 'InitialDataFOCL.CostNormLC', 'Cost norms for FOCL laying by cable layer', 'DOUBLE', '100', 'USD/hour', 'PROJECT', 'FOCL', 'Personnel labor cost', '', '', '', '', '', '', '', '', '', '', '', '', '', '', '', 0, 10000, 'all'),
(44, 'InitialDataFOCL.CostNormODFinst', 'Cost norms ODF installation, including   organization of cable glands', 'DOUBLE', '100', 'USD/hour', 'PROJECT', 'FOCL', 'Personnel labor cost', '', '', '', '', '', '', '', '', '', '', '', '', '', '', '', 0, 10000, 'all'),
(45, 'InitialDataFOCL.CostNormODFm', 'Typical cost for ODF maintenance', 'DOUBLE', '100', 'USD/hour', 'PROJECT', 'FOCL', 'Personnel labor cost', '', '', '', '', '', '', '', '', '', '', '', '', '', '', '', 0, 10000, 'all'),
(46, 'InitialDataFOCL.CostNormSC', 'Cost norms for design solutions coordination', 'DOUBLE', '100', 'USD/hour', 'PROJECT', 'FOCL', 'Personnel labor cost', '', '', '', '', '', '', '', '', '', '', '', '', '', '', '', 0, 10000, 'all'),
(47, 'InitialDataFOCL.CostNormST', 'Cost norms for signaling test along the route', 'DOUBLE', '100', 'USD/hour', 'PROJECT', 'FOCL', 'Personnel labor cost', '', '', '', '', '', '', '', '', '', '', '', '', '', '', '', 0, 10000, 'all'),
(48, 'InitialDataFOCL.CostNormTS', 'Cost norms for technical specifications design', 'DOUBLE', '100', 'USD/hour', 'PROJECT', 'FOCL', 'Personnel labor cost', '', '', '', '', '', '', '', '', '', '', '', '', '', '', '', 0, 10000, 'all'),
(49, 'InitialDataRadio.CostAFDinst', 'Cost norms for internal devices installation and commissioning for one RTS', 'DOUBLE', '100', 'USD/hour', 'PROJECT', 'RTS', 'Personnel labor cost', '', '', '', '', '', '', '', '', '', '', '', '', '', '', '', 0, 10000, 'all'),
(50, 'InitialDataRadio.CostDesing', 'Cost norms for design solutions coordination on one RTS construction', 'DOUBLE', '100', 'USD/hour', 'PROJECT', 'RTS', 'Personnel labor cost', '', '', '', '', '', '', '', '', '', '', '', '', '', '', '', 0, 10000, 'all'),
(51, 'InitialDataRadio.CostLaborAFDm', 'Typical cost for antenna feeder devices maintenance for one RTS', 'DOUBLE', '100', 'USD/hour', 'PROJECT', 'RTS', 'Personnel labor cost', '', '', '', '', '', '', '', '', '', '', '', '', '', '', '', 0, 10000, 'all'),
(52, 'InitialDataRadio.CostLaborPylonm', 'Typical cost for one RTS pylon maintenance', 'DOUBLE', '100', 'USD/hour', 'PROJECT', 'RTS', 'Personnel labor cost', '', '', '', '', '', '', '', '', '', '', '', '', '', '', '', 0, 10000, 'all'),
(53, 'InitialDataRadio.CostLaborRTSm', 'Typical cost for internal RTS devices maintenance', 'DOUBLE', '100', 'USD/hour', 'PROJECT', 'RTS', 'Personnel labor cost', '', '', '', '', '', '', '', '', '', '', '', '', '', '', '', 0, 10000, 'all'),
(54, 'InitialDataRadio.CostNormsAFD', 'Cost norms for antenna feeder devices installation and commissioning for one RTS', 'DOUBLE', '100', 'USD/hour', 'PROJECT', 'RTS', 'Personnel labor cost', '', '', '', '', '', '', '', '', '', '', '', '', '', '', '', 0, 10000, 'all'),
(55, 'InitialDataRadio.GeoPylonCost', 'Cost norms for geodetic work at RTS pylon location', 'DOUBLE', '100', 'USD/hour', 'PROJECT', 'RTS', 'Personnel labor cost', '', '', '', '', '', '', '', '', '', '', '', '', '', '', '', 0, 10000, 'all'),
(56, 'InitialDataRadio.PylonConstractionCost', 'Cost norms for one pylon construction of RTS antenna feeder devices', 'DOUBLE', '100', 'USD/hour', 'PROJECT', 'RTS', 'Personnel labor cost', '', '', '', '', '', '', '', '', '', '', '', '', '', '', '', 0, 10000, 'all'),
(57, 'InitialDataSatelite.CostOfInstallVSAT', 'Typical cost of installation and configuration of one VSAT set', 'DOUBLE', '100', 'USD/hour', 'PROJECT', 'SC', 'Personnel labor cost', '', '', '', '', '', '', '', '', '', '', '', '', '', '', '', 0, 10000, 'all'),
(58, 'InitialDataSatelite.CostOfServiceVSAT', 'Typical cost of one VSAT set maintenance', 'DOUBLE', '100', 'USD/hour', 'PROJECT', 'SC', 'Personnel labor cost', '', '', '', '', '', '', '', '', '', '', '', '', '', '', '', 0, 10000, 'all'),
(59, 'InitialDataFOCL.CostNormMaterialsCD', 'Cost of basic materials for one km cable duct (pipe) construction', 'DOUBLE', '100', 'USD/km', 'PROJECT', 'FOCL', 'Cost of equipment & materials', '', '', '', '', '', '', '', '', '', '', '', '', '', '', '', 0, 10000, 'all'),
(60, 'InitialDataFOCL.CostMatCableGlands', 'Cost of ODF including materials for the organization of cable glands', 'DOUBLE', '100', 'USD/piece', 'PROJECT', 'FOCL', 'Cost of equipment & materials', '', '', '', '', '', '', '', '', '', '', '', '', '', '', '', 0, 10000, 'all'),
(61, 'InitialDataFOCL.CostNormCC1km', 'Cost of cable coupling', 'DOUBLE', '200', 'USD/unit', 'PROJECT', 'FOCL', 'Cost of equipment & materials', '', '', '', '', '', '', '', '', '', '', '', '', '', '', '', 0, 10000, 'all'),
(62, 'InitialDataFOCL.CostNormMaterialsCMh', 'Cost of basic materials for one cable manhole', 'DOUBLE', '200', 'USD/unit', 'PROJECT', 'FOCL', 'Cost of equipment & materials', '', '', '', '', '', '', '', '', '', '', '', '', '', '', '', 0, 10000, 'all'),
(63, 'InitialDataRadio.AFDCost', 'Internal RTS antenna feeder devices subassembly cost', 'DOUBLE', '1000', 'USD/unit', 'PROJECT', 'RTS', 'Cost of equipment & materials', '', '', '', '', '', '', '', '', '', '', '', '', '', '', '', 0, 10000, 'all'),
(64, 'InitialDataRadio.PylonCost', 'Main material cost for one RTS pylon construction', 'DOUBLE', '1000', 'USD/unit', 'PROJECT', 'RTS', 'Cost of equipment & materials', '', '', '', '', '', '', '', '', '', '', '', '', '', '', '', 0, 10000, 'all'),
(65, 'InitialDataRadio.RTSDevicesCost', 'Internal RTS devices subassembly cost', 'DOUBLE', '1000', 'USD/unit', 'PROJECT', 'RTS', 'Cost of equipment & materials', '', '', '', '', '', '', '', '', '', '', '', '', '', '', '', 0, 10000, 'all'),
(66, 'InitialDataSatelite.CostOfOneVSAT', 'Cost of VSAT set', 'DOUBLE', '1000', 'USD/unit', 'PROJECT', 'SC', 'Cost of equipment & materials', '', '', '', '', '', '', '', '', '', '', '', '', '', '', '', 0, 10000, 'all'),
(67, 'InitialDataSatelite.CostOfOneVSATmat', 'Cost of basic materials for VSAT installation', 'DOUBLE', '1000', 'USD/unit', 'PROJECT', 'SC', 'Cost of equipment & materials', '', '', '', '', '', '', '', '', '', '', '', '', '', '', '', 0, 10000, 'all'),
(68, 'InitialDataSatelite.AnnualRentBand', 'Annual rent cost of 1 Mbit/s channel', 'DOUBLE', '100', 'USD/year', 'PROJECT', 'SC', 'Cost of equipment & materials', '', '', '', '', '', '', '', '', '', '', '', '', '', '', '', 0, 10000, 'all'),
(69, 'PVOptionSet.AvrLifeTimeOfEqAndMat', 'Average lifetime of the equipment and materials', 'INT', '5', 'year', 'PROJECT', NULL, 'Financial indicators', NULL, NULL, NULL, NULL, NULL, NULL, NULL, NULL, NULL, NULL, NULL, NULL, NULL, NULL, NULL, 1, 40, 'all'),
(70, 'PVOptionSet.PaybackPeriod', 'Period of Investment Payback', 'INT', '5', 'year', 'PROJECT', NULL, 'Financial indicators', NULL, NULL, NULL, NULL, NULL, NULL, NULL, NULL, NULL, NULL, NULL, NULL, NULL, NULL, NULL, 1, 40, 'all'),
(71, 'GeneralVariables.ClassroomWithInternet', 'Part of classrooms where Internet access organization required', 'DOUBLE', '20.00', '%', 'PROJECT', NULL, 'Organizational indicators', NULL, NULL, NULL, NULL, NULL, NULL, NULL, NULL, NULL, NULL, NULL, NULL, NULL, NULL, NULL, 0, 100, 'schools'),
(72, 'GeneralVariables.STCPlaceChangeCoeff', 'The coefficient of a possible change in the place of STC from the center of the educational complex', 'DOUBLE', '0.15', 'coeff', 'PROJECT', 'ETHERNET', 'Network desing specific parameters', '', '', '', '', '', '', '', '', '', '', '', '', '', '', '', 0, 1, 'schools'),
(73, 'GeneralVariables.STCPlaceLevel', 'The coefficient of the number of storeys location of STC', 'DOUBLE', '1.30', 'coeff', 'PROJECT', 'ETHERNET', 'Network desing specific parameters', '', '', '', '', '', '', '', '', '', '', '', '', '', '', '', 1, 2, 'schools'),
(74, 'GeneralVariables.CableBackUp', 'Average cable safety coefficient for installation', 'DOUBLE', '1.20', 'coeff', 'PROJECT', 'ETHERNET', 'Network desing specific parameters', '', '', '', '', '', '', '', '', '', '', '', '', '', '', '', 1, 2, 'schools'),
(75, 'GeneralVariables.BusyCoeff', 'Coefficient of occupied equipment ports to the total number of ports (other ports are redundant)', 'DOUBLE', '0.70', 'coeff', 'PROJECT', 'ETHERNET', 'Network desing specific parameters', '', '', '', '', '', '', '', '', '', '', '', '', '', '', '', 0, 1, 'schools'),
(76, 'GeneralVariables.DesignConstrCoeff', 'The coefficient for determining the cost of design work of the total cost of construction', 'DOUBLE', '0.04', 'coeff', 'PROJECT', NULL, 'Network desing specific parameters', NULL, NULL, NULL, NULL, NULL, NULL, NULL, NULL, NULL, NULL, NULL, NULL, NULL, NULL, NULL, 0, 1, 'all'),
(77, 'GeneralVariables.CoeffReserveOfEquipment', 'The coefficient of the necessary reserve of equipment installed directly in the training area', 'DOUBLE', '0.10', 'coeff', 'PROJECT', NULL, 'Network desing specific parameters', NULL, NULL, NULL, NULL, NULL, NULL, NULL, NULL, NULL, NULL, NULL, NULL, NULL, NULL, NULL, 0, 1, 'schools'),
(78, 'WiFiEquipment.AdapterReductionFactor', 'Adapter emission reduction factor due to the attenuation, associated with the number and type of barriers on the signal propagation path', 'DOUBLE', '0.10', 'coeff', 'PROJECT', 'WIFI', 'Technology specific indicators', '', '', '', '', '', '', '', '', '', '', '', '', '', '', '', 0, 1, 'all'),
(79, 'GeneralVariables.LaborCostNormsForSTCOrg', 'Labor cost norms for the organization of STC', 'DOUBLE', '38.30', 'hour/unit', 'PROJECT', 'ETHERNET', 'Standard labor costs', '', '', '', '', '', '', '', '', '', '', '', '', '', '', '', 0, 10000, 'schools'),
(80, 'GeneralVariables.AnnualLaborCostNormsForSTCOper', 'Annual labor cost of STC operation', 'DOUBLE', '10.00', 'hour/unit', 'PROJECT', 'ETHERNET', 'Standard labor costs', '', '', '', '', '', '', '', '', '', '', '', '', '', '', '', 0, 10000, 'schools'),
(81, 'GeneralVariables.LaborCostNormsForTOInst', 'Labor cost norms for telecommunication outlets installation', 'DOUBLE', '2.30', 'hour/unit', 'PROJECT', 'ETHERNET', 'Standard labor costs', '', '', '', '', '', '', '', '', '', '', '', '', '', '', '', 0, 10000, 'schools'),
(82, 'GeneralVariables.LaborCostNormsForSwitchInst', 'Labor cost norms for installation and commissioning of switches in the STC', 'DOUBLE', '12.10', 'hour/unit', 'PROJECT', 'ETHERNET', 'Standard labor costs', '', '', '', '', '', '', '', '', '', '', '', '', '', '', '', 0, 10000, 'schools'),
(83, 'GeneralVariables.AnnualLaborCostOfSwitchOperation', 'Annual labor cost of switch operation', 'DOUBLE', '10.00', 'hour/unit', 'PROJECT', 'ETHERNET', 'Standard labor costs', '', '', '', '', '', '', '', '', '', '', '', '', '', '', '', 0, 10000, 'schools'),
(84, 'GeneralVariables.LaborCostNormsForWiFiAPInst', 'Labor cost norms for WIFI access point installation and commissioning', 'DOUBLE', '12.10', 'hour/unit', 'PROJECT', 'WIFI', 'Standard labor costs', '', '', '', '', '', '', '', '', '', '', '', '', '', '', '', 0, 10000, 'schools'),
(85, 'GeneralVariables.AnnualLaborCostOfAPOperation', 'Annual labor cost of WIFI access point operation', 'DOUBLE', '7.50', 'hour/unit', 'PROJECT', 'WIFI', 'Standard labor costs', '', '', '', '', '', '', '', '', '', '', '', '', '', '', '', 0, 10000, 'schools'),
(86, 'GeneralVariables.LaborCostNormsForHotSpotInst', 'Labor cost norms for HotSpot installation and commissioning', 'DOUBLE', '12.10', 'hour/unit', 'PROJECT', 'WIFI', 'Standard labor costs', '', '', '', '', '', '', '', '', '', '', '', '', '', '', '', 0, 10000, 'schools'),
(87, 'GeneralVariables.AnnualLaborCostOfHotSpotOperation', 'Annual labor cost of HotSpot operation', 'DOUBLE', '7.50', 'hour/unit', 'PROJECT', 'WIFI', 'Standard labor costs', '', '', '', '', '', '', '', '', '', '', '', '', '', '', '', 0, 10000, 'schools'),
(88, 'GeneralVariables.LaborCostNormsForCableInst', 'Labor cost norms for the installation of LAN cables within the buildings of the educational complex (including termination)', 'DOUBLE', '2.58', 'hours/meter', 'PROJECT', 'ETHERNET', 'Standard labor costs', '', '', '', '', '', '', '', '', '', '', '', '', '', '', '', 0, 10000, 'schools'),
(89, 'GeneralVariables.AnnualLaborCostOfCableOperation', 'Annual labor cost of cable operation of wired segment', 'DOUBLE', '0.01', 'hours/meter', 'PROJECT', 'ETHERNET', 'Standard labor costs', '', '', '', '', '', '', '', '', '', '', '', '', '', '', '', 0, 10000, 'schools'),
(90, 'BuildingParameters.Levels', 'Average number of storeys (levels) in educational institution building', 'INT', '2', 'levels', 'SPECIFIC', NULL, NULL, NULL, NULL, NULL, NULL, NULL, NULL, NULL, NULL, NULL, NULL, NULL, NULL, NULL, NULL, NULL, 1, 10, 'schools'),
(91, 'BuildingParameters.Width', 'Total width of educational institution', 'DOUBLE', '100.00', 'meters', 'SPECIFIC', NULL, NULL, NULL, NULL, NULL, NULL, NULL, NULL, NULL, NULL, NULL, NULL, NULL, NULL, NULL, NULL, NULL, 0, 10000, 'schools'),
(92, 'BuildingParameters.Length', 'Total length of educational institution', 'DOUBLE', '100.00', 'meters', 'SPECIFIC', NULL, NULL, NULL, NULL, NULL, NULL, NULL, NULL, NULL, NULL, NULL, NULL, NULL, NULL, NULL, NULL, NULL, 0, 10000, 'schools'),
(93, 'BuildingParameters.HeightPlus', 'The average floor (level) height in the school, including ceiling', 'DOUBLE', '3', 'meters', 'PROJECT', NULL, 'Building parameters', NULL, NULL, NULL, NULL, NULL, NULL, NULL, NULL, NULL, NULL, NULL, NULL, NULL, NULL, NULL, 0, 10, 'schools'),
(94, 'BuildingParameters.LengthOfClassroom', 'The average length of the classroom', 'DOUBLE', '5.00', 'meters', 'PROJECT', NULL, 'Building parameters', NULL, NULL, NULL, NULL, NULL, NULL, NULL, NULL, NULL, NULL, NULL, NULL, NULL, NULL, NULL, 0, 20, 'schools'),
(95, 'BuildingParameters.WidthOfClassroom', 'The average width of the classroom', 'DOUBLE', '5.00', 'meters', 'PROJECT', NULL, 'Building parameters', NULL, NULL, NULL, NULL, NULL, NULL, NULL, NULL, NULL, NULL, NULL, NULL, NULL, NULL, NULL, 0, 20, 'schools'),
(96, 'BuildingParameters.HeightMinus', 'The average floor (level) height in the school, excluding ceiling', 'DOUBLE', '3.00', 'meters', 'PROJECT', NULL, 'Building parameters', NULL, NULL, NULL, NULL, NULL, NULL, NULL, NULL, NULL, NULL, NULL, NULL, NULL, NULL, NULL, 0, 20, 'schools'),
(97, 'WiFiEquipment.RadiusOfAP', 'The radius of the WIFI zone for a particular router in ideal conditions', 'DOUBLE', '122.00', 'meters', 'PROJECT', 'WIFI', 'Technology specific indicators', '', '', '', '', '', '', '', '', '', '', '', '', '', '', '', 0, 1000, 'schools'),
(98, 'WiFiEquipment.RadiusOfHotSpot', 'The radius of the HOTSPOT for particular router in ideal conditions', 'DOUBLE', '122.00', 'meters', 'PROJECT', 'WIFI', 'Technology specific indicators', '', '', '', '', '', '', '', '', '', '', '', '', '', '', '', 0, 1000, 'schools'),
(99, 'SchoolSpecific.PupilsNumber', 'Number of pupils/students in educational institution', 'INT', '300', 'person', 'SPECIFIC', NULL, NULL, NULL, NULL, NULL, NULL, NULL, NULL, NULL, NULL, NULL, NULL, NULL, NULL, NULL, NULL, NULL, 0, 10000, 'schools'),
(100, 'LANEquipment.NumberOfPortsInSwitch', 'Number of ports in the switch', 'INT', '24', 'ports', 'PROJECT', 'ETHERNET', 'Technology specific indicators', '', '', '', '', '', '', '', '', '', '', '', '', '', '', '', 1, 100, 'schools'),
(101, 'GeneralVariables.NumberOfShifts', 'Number of shifts in an educational institution', 'INT', '1', 'shifts', 'PROJECT', NULL, 'Organizational indicators', NULL, NULL, NULL, NULL, NULL, NULL, NULL, NULL, NULL, NULL, NULL, NULL, NULL, NULL, NULL, 1, 3, 'schools'),
(102, 'GeneralVariables.PupilsInInOneClass', 'Average number of students in one class', 'INT', '20', 'students', 'PROJECT', NULL, 'Organizational indicators', NULL, NULL, NULL, NULL, NULL, NULL, NULL, NULL, NULL, NULL, NULL, NULL, NULL, NULL, NULL, 0, 10000, 'schools'),
(103, 'GeneralVariables.CostOfSTCEq', 'The cost of equipment and materials for the organization of STC', 'DOUBLE', '1087.70', 'USD', 'PROJECT', 'ETHERNET', 'Cost of equipment & materials', '', '', '', '', '', '', '', '', '', '', '', '', '', '', '', 0, 10000, 'schools'),
(104, 'WiFiEquipment.CostOfOneAP', 'Cost of one WIFI access point in an educational institution', 'DOUBLE', '165.00', 'USD/unit', 'PROJECT', 'WIFI', 'Cost of equipment & materials', '', '', '', '', '', '', '', '', '', '', '', '', '', '', '', 0, 10000, 'schools'),
(105, 'WiFiEquipment.CostOfOneHotSpotPouter', 'Cost of one HotSpot router in an educational institution', 'DOUBLE', '120.00', 'USD/unit', 'PROJECT', 'WIFI', 'Cost of equipment & materials', '', '', '', '', '', '', '', '', '', '', '', '', '', '', '', 0, 10000, 'schools'),
(106, 'GeneralVariables.CostNormsSTCOrg', 'Cost norms of work on the STC organization', 'DOUBLE', '5.00', 'USD/hour', 'PROJECT', 'ETHERNET', 'Personnel labor cost', '', '', '', '', '', '', '', '', '', '', '', '', '', '', '', 0, 10000, 'schools'),
(107, 'GeneralVariables.CostNormsSTCOper', 'Cost of STC operation', 'DOUBLE', '5.00', 'USD/hour', 'PROJECT', 'ETHERNET', 'Personnel labor cost', '', '', '', '', '', '', '', '', '', '', '', '', '', '', '', 0, 10000, 'schools'),
(108, 'GeneralVariables.CostNormsForCableInst', 'Cost norms of installation work for laying LAN cables', 'DOUBLE', '5.00', 'USD/hour', 'PROJECT', 'ETHERNET', 'Personnel labor cost', '', '', '', '', '', '', '', '', '', '', '', '', '', '', '', 0, 10000, 'schools'),
(109, 'GeneralVariables.CostNormsForTOInst', 'Cost norms of TO installation work', 'DOUBLE', '5.00', 'USD/hour', 'PROJECT', 'ETHERNET', 'Personnel labor cost', '', '', '', '', '', '', '', '', '', '', '', '', '', '', '', 0, 10000, 'schools'),
(110, 'GeneralVariables.CostNormsForSwitchInst', 'Cost norms on installation work and commissioning of switches', 'DOUBLE', '5.00', 'USD/hour', 'PROJECT', 'ETHERNET', 'Personnel labor cost', '', '', '', '', '', '', '', '', '', '', '', '', '', '', '', 0, 10000, 'schools'),
(111, 'GeneralVariables.CostOfOneCableOperation', 'Cost of LAN cable operation', 'DOUBLE', '5.00', 'USD/hour', 'PROJECT', 'ETHERNET', 'Personnel labor cost', '', '', '', '', '', '', '', '', '', '', '', '', '', '', '', 0, 10000, 'schools'),
(112, 'GeneralVariables.CostOfOneSwitchOperation', 'Cost of switch operation', 'DOUBLE', '5.00', 'USD/hour', 'PROJECT', 'ETHERNET', 'Personnel labor cost', '', '', '', '', '', '', '', '', '', '', '', '', '', '', '', 0, 10000, 'schools'),
(113, 'GeneralVariables.CostNormsForWiFiAPInst', 'Cost norms on installation work and commissioning of WIFI access point', 'DOUBLE', '5.00', 'USD/hour', 'PROJECT', 'WIFI', 'Personnel labor cost', '', '', '', '', '', '', '', '', '', '', '', '', '', '', '', 0, 10000, 'schools'),
(114, 'GeneralVariables.CostOfAPOperation', 'Cost of WIFI access point operation', 'DOUBLE', '5.00', 'USD/hour', 'PROJECT', 'WIFI', 'Personnel labor cost', '', '', '', '', '', '', '', '', '', '', '', '', '', '', '', 0, 10000, 'schools'),
(115, 'GeneralVariables.CostNormsForHotSpotInst', 'Cost norms on installation work and commissioning of HotSpot router', 'DOUBLE', '5.00', 'USD/hour', 'PROJECT', 'WIFI', 'Personnel labor cost', '', '', '', '', '', '', '', '', '', '', '', '', '', '', '', 0, 10000, 'schools'),
(116, 'GeneralVariables.CostOfHotSpotOperation', 'Cost of HotSpot operation', 'DOUBLE', '5.00', 'USD/hour', 'PROJECT', 'WIFI', 'Personnel labor cost', '', '', '', '', '', '', '', '', '', '', '', '', '', '', '', 0, 10000, 'schools'),
(117, 'LANEquipment.CostOfCable', 'Cost of 1 m of cable required for installation in an educational institution', 'DOUBLE', '0.78', 'USD/meter', 'PROJECT', 'ETHERNET', 'Cost of equipment & materials', '', '', '', '', '', '', '', '', '', '', '', '', '', '', '', 0, 10000, 'schools'),
(118, 'LANEquipment.CostOfOutlet', 'Telecommunication outlet cost', 'DOUBLE', '5.06', 'USD/unit', 'PROJECT', 'ETHERNET', 'Cost of equipment & materials', '', '', '', '', '', '', '', '', '', '', '', '', '', '', '', 0, 10000, 'schools'),
(119, 'LANEquipment.CostOfSwitch', 'Cost of the selected access switch model', 'DOUBLE', '321.00', 'USD/unit', 'PROJECT', 'ETHERNET', 'Cost of equipment & materials', '', '', '', '', '', '', '', '', '', '', '', '', '', '', '', 0, 10000, 'schools'),
(120, 'GeneralVariables.PeriodOfLANOperation', 'Supposed period of LAN operation', 'INT', '5', 'year', 'PROJECT', NULL, 'Financial indicators', NULL, NULL, NULL, NULL, NULL, NULL, NULL, NULL, NULL, NULL, NULL, NULL, NULL, NULL, NULL, 1, 20, 'schools'),
(121, 'InitialDataFOCL.CostNormFOCLinst', 'Cost of one km FOCL', 'DOUBLE', '100', 'USD/km', 'PROJECT', 'FOCL', 'Cost of equipment & materials', '', '', '', '', '', '', '', '', '', '', '', '', '', '', '', 0, 10000, 'all'),
(122, 'InitialDataFOCL.CostTramsEquipment', 'Cost of data transmission equipment for organizing L2 channel', 'DOUBLE', '179', 'USD/unit', 'PROJECT', 'RTS', 'Technology specific indicators', '', '', '', '', '', '', '', '', '', '', '', '', '', '', '', 0, 10000, 'all'),
(124, 'InitialDataCellular.ChannelCapacity', 'Communication channel capacity per single cellular channel', 'DOUBLE', '10.00', 'Mbps', 'PROJECT', 'CELLULAR', 'Technology specific indicators', '', '', '', '', '', '', '', '', '', '', '', '', '', '', '', 0, 10000, 'all'),
(125, 'InitialDataCellular.CostOfOneCellular', 'Cost of cellular set (3G/4G modem + antenna)', 'DOUBLE', '100.00', 'USD/unit', 'PROJECT', 'CELLULAR', 'Cost of equipment & materials', '', '', '', '', '', '', '', '', '', '', '', '', '', '', '', 0, 10000, 'all'),
(126, 'InitialDataCellular.CostOfOneCellularmat', 'Cost of basic materials for cellular equipment installation', 'DOUBLE', '10.00', 'USD/unit', 'PROJECT', 'CELLULAR', 'Cost of equipment & materials', '', '', '', '', '', '', '', '', '', '', '', '', '', '', '', 0, 10000, 'all'),
(127, 'InitialDataCellular.CostOfInstallCellular', 'Typical cost of installation and configuration of one cellular set', 'DOUBLE', '5.20', 'USD/hour', 'PROJECT', 'CELLULAR', 'Personnel labor cost', '', '', '', '', '', '', '', '', '', '', '', '', '', '', '', 0, 10000, 'all'),
(128, 'InitialDataCellular.LaborOfInstallCellular', 'Labor cost for installation and configuration of cellular sets', 'DOUBLE', '5.00', 'hour/unit', 'PROJECT', 'CELLULAR', 'Standard labor costs', '', '', '', '', '', '', '', '', '', '', '', '', '', '', '', 0, 10000, 'all'),
(129, 'InitialDataCellular.AnnualLaborOfServiceCellular', 'Typical annual labor costs for the service of antenna-feeder devices', 'DOUBLE', '16.00', 'hour/unit', 'PROJECT', 'CELLULAR', 'Standard labor costs', '', '', '', '', '', '', '', '', '', '', '', '', '', '', '', 0, 10000, 'all'),
(130, 'InitialDataCellular.CostOfServiceCellular', 'Typical cost of one cellular set maintenance', 'DOUBLE', '5.20', 'USD/hour', 'PROJECT', 'CELLULAR', 'Personnel labor cost', '', '', '', '', '', '', '', '', '', '', '', '', '', '', '', 0, 10000, 'all'),
(131, 'InitialDataCellular.AnnualRentBand', 'Annual rent cost of 1 Mbps cellular channel ', 'DOUBLE', '20.00', 'USD/Mbps', 'PROJECT', 'CELLULAR', 'Technology specific indicators', '', '', '', '', '', '', '', '', '', '', '', '', '', '', '', 0, 10000, 'all'),
(132, 'InitialDataFOCL.AnnualRentBand', 'Annual rent cost of 1 Mbit/s fixed channel to Internet', 'DOUBLE', '1.00', 'USD/Mbps', 'PROJECT', 'FOCL', 'Technology specific indicators', '', '', '', '', '', '', '', '', '', '', '', '', '', '', '', 0, 10000, 'all'),
(133, 'InitialDataRadio.AnnualRentBand', 'Annual rent cost of 1 Mbit/s fixed channel to Internet', 'DOUBLE', '1.00', 'USD/Mbps', 'PROJECT', 'RTS', 'Technology specific indicators', '', '', '', '', '', '', '', '', '', '', '', '', '', '', '', 0, 10000, 'all'),
(134, 'PowerInSchool.BatteryKPD', 'Battery efficiency', 'DOUBLE', '0.7', 'coeff', 'PROJECT', 'ELECTRICITY', 'Technology specific indicators', '', '', '', '', '', '', '', '', '', '', '', '', '', '', '', 0, 1, 'schools'),
(135, 'PowerInSchool.AverageOfPowerUsing', 'Average power level of equipment per 1 Mbps of external communication channel', 'DOUBLE', '31', 'Watt', 'PROJECT', 'ELECTRICITY', 'Technology specific indicators', '', '', '', '', '', '', '', '', '', '', '', '', '', '', '', 0, 10000, 'schools'),
(136, 'PowerInSchool.TimeForSupplingOfEquipment', 'Time required for active network equipment to work during the day', 'DOUBLE', '8', 'hours', 'PROJECT', 'ELECTRICITY', 'Organizational indicators', '', '', '', '', '', '', '', '', '', '', '', '', '', '', '', 0, 24, 'schools'),
(137, 'PowerInSchool.SolarPanelKPD', 'Solar panel efficiency', 'DOUBLE', '0.19', 'coeff', 'PROJECT', 'ELECTRICITY', 'Technology specific indicators', '', '', '', '', '', '', '', '', '', '', '', '', '', '', '', 0, 1, 'schools'),
(138, 'PowerInSchool.InsolationLevel', 'Daily insolation level (solar radiation power) in the school locality', 'DOUBLE', '3.0', 'kWatt*hour/m2', 'PROJECT', 'ELECTRICITY', 'Technology specific indicators', '', '', '', '', '', '', '', '', '', '', '', '', '', '', '', 0, 10000, 'schools'),
(139, 'PowerInSchool.SolarPanelAngle', 'Estimated angle between the direction of the sun and the main direction of the roof of the educational institution', 'DOUBLE', '0', 'radians', 'PROJECT', 'ELECTRICITY', 'Technology specific indicators', '', '', '', '', '', '', '', '', '', '', '', '', '', '', '', 0, 180, 'schools'),
(140, 'PowerInSchool.SolarPanelArea', 'One solar panel area', 'DOUBLE', '1.76', 'square meters', 'PROJECT', 'ELECTRICITY', 'Technology specific indicators', '', '', '', '', '', '', '', '', '', '', '', '', '', '', '', 0, 10000, 'schools'),
(141, 'PowerInSchool.NominalPowerOfOnePanel', 'Nominal power of one solar panel ', 'DOUBLE', '375', 'Watt', 'PROJECT', 'ELECTRICITY', 'Technology specific indicators', '', '', '', '', '', '', '', '', '', '', '', '', '', '', '', 0, 10000, 'schools'),
(142, 'PowerInSchool.CostOfInverterPerKW', 'The cost of inverter (power plant) per one kilowatt of power consumption, including cost of battery', 'DOUBLE', '1778.5', 'USD/kWatt', 'PROJECT', 'ELECTRICITY', 'Cost of equipment & materials', '', '', '', '', '', '', '', '', '', '', '', '', '', '', '', 0, 10000, 'schools'),
(143, 'PowerInSchool.CostOfSolarPanel', 'Cost of one solar panel', 'DOUBLE', '143', 'USD/unit', 'PROJECT', 'ELECTRICITY', 'Cost of equipment & materials', '', '', '', '', '', '', '', '', '', '', '', '', '', '', '', 0, 10000, 'schools'),
(144, 'PowerInSchool.AvCableLenPerPanel', 'Average cable length for connecting one solar panel', 'DOUBLE', '5', 'meter', 'PROJECT', 'ELECTRICITY', 'Technology specific indicators', '', '', '', '', '', '', '', '', '', '', '', '', '', '', '', 0, 10000, 'schools'),
(145, 'PowerInSchool.CostOfElectroCable', 'Cost of electrical cable', 'DOUBLE', '9', 'USD/meter', 'PROJECT', 'ELECTRICITY', 'Cost of equipment & materials', '', '', '', '', '', '', '', '', '', '', '', '', '', '', '', 0, 10000, 'schools'),
(146, 'PowerInSchool.CostOfSolarPanelMaterials', 'Additional materials for installation of one solar panel to the roof', 'DOUBLE', '25', 'USD/unit', 'PROJECT', 'ELECTRICITY', 'Cost of equipment & materials', '', '', '', '', '', '', '', '', '', '', '', '', '', '', '', 0, 10000, 'schools'),
(147, 'PowerInSchool.LaborCostNormForInverterInst', 'Labor cost norms for the installation of a solar power plant (inverter)', 'DOUBLE', '23.5', 'hour/unit', 'PROJECT', 'ELECTRICITY', 'Standard labor costs', '', '', '', '', '', '', '', '', '', '', '', '', '', '', '', 0, 10000, 'schools'),
(148, 'PowerInSchool.LaborCostNormForPanelInst', 'Labor cost norms for the installation of a solar panel', 'DOUBLE', '10', 'hour/unit', 'PROJECT', 'ELECTRICITY', 'Standard labor costs', '', '', '', '', '', '', '', '', '', '', '', '', '', '', '', 0, 10000, 'schools'),
(149, 'PowerInSchool.CostNormsOfElectro', 'Cost norms of installation, commissioning and maintenance of a solar power plant and solar panels', 'DOUBLE', '5', 'USD/hour', 'PROJECT', 'ELECTRICITY', 'Personnel labor cost', '', '', '', '', '', '', '', '', '', '', '', '', '', '', '', 0, 10000, 'schools'),
(150, 'PowerInSchool.AnnualLaborCostNormsElectro', 'Annual labor cost norms for maintenance of a solar power plant (inverter) together with solar panels', 'DOUBLE', '141.25', 'hour/year', 'PROJECT', 'ELECTRICITY', 'Standard labor costs', '', '', '', '', '', '', '', '', '', '', '', '', '', '', '', 0, 10000, 'schools'),
(153, 'InitialDataFOCL.TotalFibersInTheCable', 'Total fibers in the fiber-optical cable line', 'DOUBLE', '8.00', 'fibers', 'PROJECT', 'FOCL', 'Technology specific indicators', '', '', '', '', '', '', '', '', '', '', '', '', '', '', '', 1, 96, 'all'),
(154, 'InitialDataFOCL.TotalNumberOfCablesInDuct', 'Total number of cables in cable ducts', 'DOUBLE', '5.00', 'cables', 'PROJECT', 'FOCL', 'Technology specific indicators', '', '', '', '', '', '', '', '', '', '', '', '', '', '', '', 1, 100, 'all'),
(155, 'InitialDataFOCL.RentalCostForFibers', 'Rental cost for fibers', 'DOUBLE', '100.00', 'USD per km of fiber per year', 'PROJECT', 'FOCL', 'Financial indicators', '', '', '', '', '', '', '', '', '', '', '', '', '', '', '', 0, 10000, 'all'),
(156, 'InitialDataFOCL.RentalCostForDuct', 'Rental cost for cable duct', 'DOUBLE', '100.00', 'USD per km of cable in duct per year', 'PROJECT', 'FOCL', 'Financial indicators', '', '', '', '', '', '', '', '', '', '', '', '', '', '', '', 0, 10000, 'all'),
(157, 'InitialDataFOCL.DemandForFibers', 'Demand for fibers (as part of available capacity)', 'DOUBLE', '0.10', 'coeff', 'PROJECT', 'FOCL', 'Financial indicators', '', '', '', '', '', '', '', '', '', '', '', '', '', '', '', 0, 1, 'all'),
(158, 'InitialDataFOCL.DemandForDuct', 'Demand for cable duct (as part of available capacity)', 'DOUBLE', '0.10', 'coeff', 'PROJECT', 'FOCL', 'Financial indicators', '', '', '', '', '', '', '', '', '', '', '', '', '', '', '', 0, 1, 'all'),
(159, 'InitialDataFOCL.ChannelCapacity', 'Communication channel capacity per single fiber', 'DOUBLE', '1000.00', 'Mbps', 'PROJECT', 'FOCL', 'Technology specific indicators', '', '', '', '', '', '', '', '', '', '', '', '', '', '', '', 0, 10000, 'all'),
(160, 'InitialDataRTS.ChannelCapacity', 'Communication channel capacity per one microwave link', 'DOUBLE', '1000.00', 'Mbps', 'PROJECT', 'RTS', 'Technology specific indicators', '', '', '', '', '', '', '', '', '', '', '', '', '', '', '', 0, 10000, 'all'),
(161, 'InitialDataFOCL.AnnualRentChannelCost', 'Annual rent cost of 1 Mbit/s channel per km (without Internet)', 'DOUBLE', '0.01', 'USD/Mbps*km', 'PROJECT', NULL, 'Financial indicators', NULL, NULL, NULL, NULL, NULL, NULL, NULL, NULL, NULL, NULL, NULL, NULL, NULL, NULL, NULL, 0, 10000, 'all'),
(162, 'InitialDataFOCL.DemandForChannel', 'Demand for extra bandwidth (as part of available capacity)', 'DOUBLE', '0.2', 'coeff', 'PROJECT', NULL, 'Financial indicators', NULL, NULL, NULL, NULL, NULL, NULL, NULL, NULL, NULL, NULL, NULL, NULL, NULL, NULL, NULL, 0, 1, 'all'),
(164, 'InitialDataFOCL.TopographyCoeff', 'Road length deviation coefficient (relation of the road length to line of sight distance)', 'DOUBLE', '0.0200000', 'coeff', 'PROJECT', 'FOCL', 'Technology specific indicators', '', '', '', '', '', '', '', '', '', '', '', '', '', '', '', 0, 1, 'all'),
(165, 'InitialDataRadio.CostOfSpectrumLicence', 'Cost of spectrum license for whole RTS', 'DOUBLE', '0.00', 'USD', 'PROJECT', 'RTS', 'Financial indicators', '', '', '', '', '', '', '', '', '', '', '', '', '', '', '', 0, 10000, 'all'),
(166, 'SchoolSpecificData.IsEnergyInSchool', 'Availability of electricity (Yes / No)', 'INT', '1', 'coeff', 'SPECIFIC', 'ELECTRICITY', 'Building parameters', '', '', '', '', '', '', '', '', '', '', '', '', '', '', '', 0, 1, 'schools'),
(167, 'InitialDataFOCL.HorDrillCoeff', 'Coefficient of extra FOCL sections length of horizontal directional drilling, located at the crossings of roads', 'DOUBLE', '0.0100000', 'coeff', 'PROJECT', 'FOCL', 'Technology specific indicators', '', '', '', '', '', '', '', '', '', '', '', '', '', '', '', 0, 0.1, 'all'),
(168, 'InitialDataFOCL.CableDuctCoeff', 'Coefficient of FOCL sections length requiring the construction of cable ducts', 'DOUBLE', '0.1000000', 'coeff', 'PROJECT', 'FOCL', 'Technology specific indicators', '', '', '', '', '', '', '', '', '', '', '', '', '', '', '', 0, 1, 'all'),
(169, 'InitialDataFOCL.CableLayingMachineCoeff', 'Coefficient of FOCL sections length requiring cable-laying machine', 'DOUBLE', '0.9000000', 'coeff', 'PROJECT', 'FOCL', 'Technology specific indicators', '', '', '', '', '', '', '', '', '', '', '', '', '', '', '', 0, 1, 'all'),
(170, 'InitialDataFOCL.NumberOfManholesPerKM', 'Number of cable manholes per one kilometer', 'DOUBLE', '2.00', 'manholes', 'PROJECT', 'FOCL', 'Technology specific indicators', '', '', '', '', '', '', '', '', '', '', '', '', '', '', '', 0, 100, 'all'),
(171, 'InitialDataFOCL.NumberOfCableCouplingsPerKM', 'Number of cable couplings per one kilometer', 'DOUBLE', '0.50', 'couplings', 'PROJECT', 'FOCL', 'Technology specific indicators', '', '', '', '', '', '', '', '', '', '', '', '', '', '', '', 0, 50, 'all'),
(172, 'InitialDataFOCL.MarginCoeff', 'Coefficient of extra FOCL lenth taking into account the margin for laying and unpacking the cable', 'DOUBLE', '0.10', 'coeff', 'PROJECT', 'FOCL', 'Technology specific indicators', '', '', '', '', '', '', '', '', '', '', '', '', '', '', '', 0, 0.2, 'all'),
(173, 'InitialDataFOCL.DesignCoeff', 'Coefficient of design cost work from the overall cost of FOCL', 'DOUBLE', '0.05', 'coeff', 'PROJECT', 'FOCL', 'Technology specific indicators', '', '', '', '', '', '', '', '', '', '', '', '', '', '', '', 0, 0.5, 'all'),
(174, 'InitialDataRadio.DesignCoeff', 'Coefficient of design cost work from the overall cost of RTS', 'DOUBLE', '0.05', 'coeff', 'PROJECT', 'RTS', 'Technology specific indicators', '', '', '', '', '', '', '', '', '', '', '', '', '', '', '', 0, 0.5, 'all'),
(175, 'InitialDataSatelite.CostOfEqCoeff', 'Coefficient of equipment and materials cost that taken into account for design cost calculation ', 'DOUBLE', '0.40', 'coeff', 'PROJECT', 'SC', 'Technology specific indicators', '', '', '', '', '', '', '', '', '', '', '', '', '', '', '', 0, 1, 'all'),
(176, 'InitialDataSatelite.DesignCoeff', 'Coefficient of design cost work from the partial cost of VSAT sets and cost of installation', 'DOUBLE', '0.05', 'coeff', 'PROJECT', 'SC', 'Technology specific indicators', '', '', '', '', '', '', '', '', '', '', '', '', '', '', '', 0, 0.5, 'all'),
(177, 'InitialDataCellular.CostOfEqCoeff', 'Coefficient of equipment and materials cost that taken into account for design cost calculation ', 'DOUBLE', '0.40', 'coeff', 'PROJECT', 'CELLULAR', 'Technology specific indicators', '', '', '', '', '', '', '', '', '', '', '', '', '', '', '', 0, 1, 'all'),
(178, 'InitialDataCellular.DesignCoeff', 'Coefficient of design cost work from the partial cost of cellular sets and cost of installation', 'DOUBLE', '0.05', 'coeff', 'PROJECT', 'CELLULAR', 'Technology specific indicators', '', '', '', '', '', '', '', '', '', '', '', '', '', '', '', 0, 0.5, 'all'),
(181, 'InitialDataRadio.AnnualSpectrumFee', 'Annual unit spectrum fee for 1MHz band that paid every year for the spectrum', 'DOUBLE', '1000.00', 'USD per year', 'PROJECT', 'RTS', 'Financial indicators', '', '', '', '', '', '', '', '', '', '', '', '', '', '', '', 0, 10000, 'all'),
(182, 'InitialDataRadio.BasicSpectrumFee', 'Basic unit spectrum fee for 1MHz band that paid once (in the process of RTS commissioning)', 'DOUBLE', '1000.00', 'USD', 'PROJECT', 'RTS', 'Financial indicators', '', '', '', '', '', '', '', '', '', '', '', '', '', '', '', 0, 10000, 'all'),
(183, 'InitialDataRadio.BandwidthToFrequencyCoeff', 'Coefficient of conversion required bandwidth of RTS channel to the width of frequency channel required to its implementation ', 'DOUBLE', '0.20', 'coeff', 'PROJECT', 'RTS', 'Technology specific indicators', '', '', '', '', '', '', '', '', '', '', '', '', '', '', '', 0, 1, 'all'),
(184, 'TopologySettings.MakeClastering', 'Make network clasterisation if there are more than two nodes connected to the fiber', 'INT', '1', 'logical', 'PROJECT', NULL, 'Network desing specific parameters', NULL, NULL, NULL, NULL, NULL, NULL, NULL, NULL, NULL, NULL, NULL, NULL, NULL, NULL, NULL, 0, 1, 'all'),
(185, 'TopologySettings.RemoveInterclasterLinks', 'Remove interclaster links', 'INT', '1', 'logical', 'PROJECT', NULL, 'Network desing specific parameters', NULL, NULL, NULL, NULL, NULL, NULL, NULL, NULL, NULL, NULL, NULL, NULL, NULL, NULL, NULL, 0, 1, 'all'),
(186, 'AccessTechnologyOptionSet.AvrLifeTimeOfEqAndMat', 'Average lifetime of the equipment and materials', 'INT', '5', 'year', 'PROJECT', NULL, 'Financial indicators', NULL, NULL, NULL, NULL, NULL, NULL, NULL, NULL, NULL, NULL, NULL, NULL, NULL, NULL, NULL, 1, 40, 'all'),
(187, 'TopologySettings.MakePreClastering', 'Make pre-clusterisation of objects based on administrative region', 'INT', '1', 'logical', 'PROJECT', NULL, 'Network desing specific parameters', NULL, NULL, NULL, NULL, NULL, NULL, NULL, NULL, NULL, NULL, NULL, NULL, NULL, NULL, NULL, 0, 1, 'all'),
(188, 'TopologySettings.MaxClastersNumber', 'Maximum possible clusters number in the network (for the pre-clusterisation process)', 'INT', '400', 'clusters', 'PROJECT', NULL, 'Network desing specific parameters', NULL, NULL, NULL, NULL, NULL, NULL, NULL, NULL, NULL, NULL, NULL, NULL, NULL, NULL, NULL, 0, 100, 'all'),
(189, 'TopologySettings.MaxItemsPerClaster', 'Maximum possible objects (schools) per claster', 'INT', '100', 'objects', 'PROJECT', NULL, 'Network desing specific parameters', NULL, NULL, NULL, NULL, NULL, NULL, NULL, NULL, NULL, NULL, NULL, NULL, NULL, NULL, NULL, 0, 100, 'all'),
(190, 'InitialData.EnableDetailedLog', 'Enable of detailed logging', 'INT', '0', 'logical', 'PROJECT', NULL, 'Organizational indicators', NULL, NULL, NULL, NULL, NULL, NULL, NULL, NULL, NULL, NULL, NULL, NULL, NULL, NULL, NULL, 0, 1, 'all'),
(191, 'TopologySettings.SNDTFThreshold', 'Maximum DTF to treat a node as SN', 'INT', '0', 'meters', 'PROJECT', NULL, 'Organizational indicators', NULL, NULL, NULL, NULL, NULL, NULL, NULL, NULL, NULL, NULL, NULL, NULL, NULL, NULL, NULL, 0, 5000, 'all'),
(193, 'TopologySettings.FOCLBottleTrh', 'Bottleneck threshold for FOCL', 'DOUBLE', '50000', 'Mbps', 'PROJECT', NULL, 'Organizational indicators', NULL, NULL, NULL, NULL, NULL, NULL, NULL, NULL, NULL, NULL, NULL, NULL, NULL, NULL, NULL, 0, 1000000, 'all'),
(194, 'TopologySettings.RTSBottleTrh', 'Bottleneck threshold for RTS', 'DOUBLE', '500', 'Mbps', 'PROJECT', NULL, 'Organizational indicators', NULL, NULL, NULL, NULL, NULL, NULL, NULL, NULL, NULL, NULL, NULL, NULL, NULL, NULL, NULL, 0, 10000, 'all'),
(195, 'TopologySettings.EnableClustering', 'Enabling clustering for step-by-step approach', 'INT', '1', 'logical', 'PROJECT', NULL, 'Organizational indicators', NULL, NULL, NULL, NULL, NULL, NULL, NULL, NULL, NULL, NULL, NULL, NULL, NULL, NULL, NULL, 0, 1, 'all'),
(196, 'TopologySettings.MaxNodesPerCluster', 'Maximum number of nodes per cluster', 'INT', '100', 'nodes', 'PROJECT', NULL, 'Organizational indicators', NULL, NULL, NULL, NULL, NULL, NULL, NULL, NULL, NULL, NULL, NULL, NULL, NULL, NULL, NULL, 0, 10000, 'all'),
(197, 'TopologySettings.MaxRB', 'Maximum required summarized bandwidth for all objects in the cluster', 'DOUBLE', '5000', 'Mbps', 'PROJECT', NULL, 'Organizational indicators', NULL, NULL, NULL, NULL, NULL, NULL, NULL, NULL, NULL, NULL, NULL, NULL, NULL, NULL, NULL, 1, 10000, 'all');
INSERT INTO `variables` (`id`, `name`, `description`, `type_of_value`, `value`, `unit`, `type_of_variable`, `technology`, `var_class`, `name_ru`, `description_ru`, `name_fr`, `description_fr`, `name_es`, `description_es`, `name_zh`, `description_zh`, `name_ar`, `description_ar`, `unit_ru`, `unit_fr`, `unit_es`, `unit_zh`, `unit_ar`, `min_val`, `max_val`, `app_mode`) VALUES
(198, 'TopologySettings.MaxDistPerCluster', 'Maximum distance between two objects in the cluster', 'INT', '10000', 'meters', 'PROJECT', NULL, 'Organizational indicators', NULL, NULL, NULL, NULL, NULL, NULL, NULL, NULL, NULL, NULL, NULL, NULL, NULL, NULL, NULL, 0, 100000, 'all'),
(199, 'TopologySettings.MaximumDistancePerCluster', 'Maximum distance between two objects in the cluster', 'INT', '10000', 'meters', 'PROJECT', NULL, 'Organizational indicators', NULL, NULL, NULL, NULL, NULL, NULL, NULL, NULL, NULL, NULL, NULL, NULL, NULL, NULL, NULL, 0, 100000, 'all'),
(202, 'AccessLevelOptionsSet.DemandPopulationAdult', 'Percentage of the population of the older age group (over 55 years old) who are interested in broadband services', 'DOUBLE', '40', '%', 'PROJECT', '', 'Organizational indicators', '', '', '', '', '', '', '', '', '', '', '', '', '', '', '', 0, 100, 'countries'),
(203, 'AccessLevelOptionsSet.DemandPopulationAverageAge', 'Percentage of population of the middle age group (from 25 to 55 years old) who are interested in broadband  services', 'DOUBLE', '30', '%', 'PROJECT', '', 'Organizational indicators', '', '', '', '', '', '', '', '', '', '', '', '', '', '', '', 0, 100, 'countries'),
(204, 'AccessLevelOptionsSet.DemandPopulationYounger', 'Percentage of the population of the younger age group (up to 25 years old) who are interested in broadband services', 'DOUBLE', '30', '%', 'PROJECT', '', 'Organizational indicators', '', '', '', '', '', '', '', '', '', '', '', '', '', '', '', 0, 100, 'countries'),
(206, 'AccessLevelOptionsSet.Household', 'Nepotism rate (the average number of people in the family)', 'INT', '3', 'people', 'PROJECT', '', 'Organizational indicators', '', '', '', '', '', '', '', '', '', '', '', '', '', '', '', 1, 10, 'countries'),
(207, 'AccessLevelOptionsSet.PopulationCoveredBroadband', 'Percentage of population using broadband services', 'DOUBLE', '0', '%', 'PROJECT', '', 'Organizational indicators', '', '', '', '', '', '', '', '', '', '', '', '', '', '', '', 0, 100, 'countries'),
(210, 'AccessTechnologyOptionsSet.AggregationExternalLines', 'Coefficient of lines aggregation to the cable for outdoor lines', 'JSON', '{\"ADSL2+\":0.01,\"DOCSIS\":1,\"Ethernet TX\":167,\"GEPON\":125}', 'coeff', 'PROJECT', 'ALEVEL', 'Technology specific indicators', '', '', '', '', '', '', '', '', '', '', '', '', '', '', '', 0, 1, 'countries'),
(211, 'AccessTechnologyOptionsSet.AggregationExternalLinesAggregative', 'Coefficient of link aggregation to the cable for outdoor links of aggregation segment', 'JSON', '{\"DWDM\":625,\"Ethernet FX\":42,\"Ethernet TX\":625,\"POS (SDH)\":625,\"10GEPON\":625}', 'coeff', 'PROJECT', 'ALEVEL', 'Technology specific indicators', '', '', '', '', '', '', '', '', '', '', '', '', '', '', '', 0, 1, 'countries'),
(212, 'AccessTechnologyOptionsSet.AggregationExternalLinesDistributing', 'Coefficient of lines aggregation to the cable for outdoor links of distribution segment', 'JSON', '{\"Ethernet FX\":83,\"Ethernet TX\":167,\"GEPON\":125}', 'coeff', 'PROJECT', 'DLEVEL', 'Technology specific indicators', '', '', '', '', '', '', '', '', '', '', '', '', '', '', '', 0, 1, 'countries'),
(214, 'AccessTechnologyOptionsSet.CostCableSewerage', 'Cost of laying the cable in the duct', 'DOUBLE', '100', 'USD/hour', 'PROJECT', '', 'Personnel labor cost', '', '', '', '', '', '', '', '', '', '', '', '', '', '', '', 0, 1000000, 'countries'),
(215, 'AccessTechnologyOptionsSet.CostConnectingLines', 'Cost of the distribution segment cable', 'JSON', '{\"Ethernet FX\":615,\"Ethernet TX\":1017.7,\"GEPON\":1700}', 'USD/km', 'PROJECT', 'DLEVEL', 'Cost of equipment & materials', '', '', '', '', '', '', '', '', '', '', '', '', '', '', '', 0, 1000000, 'countries'),
(216, 'AccessTechnologyOptionsSet.CostConnectingLinesAggregateSegment', 'Cost of the aggregation segment cable ', 'JSON', '{\"DWDM\":615,\"Ethernet FX\":615,\"Ethernet TX\":1017.7,\"POS (SDH)\":615,\"10GEPON\":615}', 'USD/km', 'PROJECT', 'ALEVEL', 'Cost of equipment & materials', '', '', '', '', '', '', '', '', '', '', '', '', '', '', '', 0, 1000000, 'countries'),
(218, 'AccessTechnologyOptionsSet.CostEOA', 'Cost of one AOE unit', 'JSON', '{\"ADSL2+\":1605,\"DOCSIS\":1470,\"Ethernet TX\":179,\"GEPON\":1995,\"WiFi\":119}', 'USD', 'PROJECT', 'SLEVEL', 'Cost of equipment & materials', '', '', '', '', '', '', '', '', '', '', '', '', '', '', '', 0, 1000000, 'countries'),
(219, 'AccessTechnologyOptionsSet.CostEquipmentInstallation', 'Cost of installation work on the arrangement of locations for AOEs', 'DOUBLE', '50', 'USD/hour', 'PROJECT', '', 'Personnel labor cost', '', '', '', '', '', '', '', '', '', '', '', '', '', '', '', 0, 1000000, 'countries'),
(222, 'AccessTechnologyOptionsSet.CostInstallationSubscribersLines', 'Cost of work on the installation of subscriber lines', 'DOUBLE', '50', 'USD/hour', 'PROJECT', '', 'Personnel labor cost', '', '', '', '', '', '', '', '', '', '', '', '', '', '', '', 0, 1000000, 'countries'),
(223, 'AccessTechnologyOptionsSet.CostInternalSewerage', 'Cost of indoor duct materials', 'DOUBLE', '50', 'USD/km', 'PROJECT', '', 'Cost of equipment & materials', '', '', '', '', '', '', '', '', '', '', '', '', '', '', '', 0, 1000000, 'countries'),
(224, 'AccessTechnologyOptionsSet.CostInternalSewerageConstruction', 'Cost of installation of indoor cable ducts', 'DOUBLE', '50', 'USD/hour', 'PROJECT', '', 'Personnel labor cost', '', '', '', '', '', '', '', '', '', '', '', '', '', '', '', 0, 1000000, 'countries'),
(226, 'AccessTechnologyOptionsSet.CostMaterialsTEOA', 'Cost of materials for arrangement of one TEAP location for distribution segment', 'JSON', '{\"Ethernet FX\":1143.6,\"Ethernet TX\":1200,\"FSO\":1233.16,\"WiFi\":1472.53,\"WiMax\":1472.53}', 'USD', 'PROJECT', 'DLEVEL', 'Cost of equipment & materials', '', '', '', '', '', '', '', '', '', '', '', '', '', '', '', 0, 1000000, 'countries'),
(227, 'AccessTechnologyOptionsSet.CostOfConstractionNewInfrastrucutre', 'Cost of the installation of new infrastructure for hanging-up cables', 'DOUBLE', '50', 'USD/hour', 'PROJECT', '', 'Personnel labor cost', '', '', '', '', '', '', '', '', '', '', '', '', '', '', '', 0, 1000000, 'countries'),
(228, 'AccessTechnologyOptionsSet.CostPillars', 'Cost of new infrastructure for hanging-up cables', 'DOUBLE', '50', 'USD/km', 'PROJECT', '', 'Cost of equipment & materials', '', '', '', '', '', '', '', '', '', '', '', '', '', '', '', 0, 1000000, 'countries'),
(230, 'AccessTechnologyOptionsSet.CostServiceEequipment', 'Cost of equipment maintenance', 'DOUBLE', '50', 'USD/hour', 'PROJECT', '', 'Personnel labor cost', '', '', '', '', '', '', '', '', '', '', '', '', '', '', '', 0, 1000000, 'countries'),
(231, 'AccessTechnologyOptionsSet.CostSettingSubscribersLines', 'Cost of work on cable hanging-up', 'DOUBLE', '50', 'USD/hour', 'PROJECT', '', 'Personnel labor cost', '', '', '', '', '', '', '', '', '', '', '', '', '', '', '', 0, 1000000, 'countries'),
(232, 'AccessTechnologyOptionsSet.CostSN', 'Cost of special equipment of the switching node', 'JSON', '{\"DWDM\":2258.84,\"Ethernet FX\":2258.84,\"Ethernet TX\":2001.6,\"FSO\":2001.6,\"POS (SDH)\":2258.84,\"SDH (microwave)\":2001.6,\"10GEPON\":2258.84}', 'USD', 'PROJECT', 'ALEVEL', 'Cost of equipment & materials', '', '', '', '', '', '', '', '', '', '', '', '', '', '', '', 0, 1000000, 'countries'),
(234, 'AccessTechnologyOptionsSet.CostTEOADistributing', 'Cost of one TEAP unit', 'JSON', '{\"Ethernet FX\":369,\"Ethernet TX\":388,\"FSO\":6410,\"GEPON\":2547,\"WiFi\":169,\"WiMax\":1325}', 'USD', 'PROJECT', 'DLEVEL', 'Cost of equipment & materials', '', '', '', '', '', '', '', '', '', '', '', '', '', '', '', 0, 1000000, 'countries'),
(235, 'AccessTechnologyOptionsSet.LaborCostsActiveEquipment', 'Typical annual labor cost per unit of active equipment', 'JSON', '{\"ADSL2+\":10,\"DOCSIS\":10,\"DWDM\":10,\"Ethernet FX\":10,\"Ethernet TX\":10,\"FSO\":10,\"GEPON\":10,\"POS (SDH)\":10,\"SDH (microwave)\":10,\"WiFi\":10,\"WiMax\":10,\"10GEPON\":10}', 'hours/year', 'PROJECT', '', 'Standard labor costs', '', '', '', '', '', '', '', '', '', '', '', '', '', '', '', 0, 1000000, 'countries'),
(236, 'AccessTechnologyOptionsSet.LaborCostsCableSewerage', 'Typical labor costs for the installation of subscriber lines', 'JSON', '{\"ADSL2+\":1760,\"DOCSIS\":1760,\"Ethernet TX\":1760,\"GEPON\":1760}', 'hours/km', 'PROJECT', 'SLEVEL', 'Standard labor costs', '', '', '', '', '', '', '', '', '', '', '', '', '', '', '', 0, 1000000, 'countries'),
(238, 'AccessTechnologyOptionsSet.LaborCostsEOA', 'Typical labor costs for the arrangement of a locations for AOE', 'JSON', '{\"ADSL2+\":30.3,\"DOCSIS\":30.3,\"Ethernet TX\":30.3,\"GEPON\":27.3}', 'hours/unit', 'PROJECT', 'SLEVEL', 'Standard labor costs', '', '', '', '', '', '', '', '', '', '', '', '', '', '', '', 0, 1000000, 'countries'),
(239, 'AccessTechnologyOptionsSet.LaborCostsEquipmentTuneup', 'Typical labor costs for installation of equipment', 'JSON', '{\"ADSL2+\":28.8,\"DOCSIS\":28.8,\"DWDM\":28.8,\"Ethernet FX\":28.8,\"Ethernet TX\":28.8,\"FSO\":52.8,\"GEPON\":28.8,\"POS (SDH)\":28.8,\"SDH (microwave)\":52.8,\"WiFi\":52.8,\"WiMax\":52.8,\"10GEPON\":28.8}', 'hours/unit', 'PROJECT', '', 'Standard labor costs', '', '', '', '', '', '', '', '', '', '', '', '', '', '', '', 0, 1000000, 'countries'),
(240, 'AccessTechnologyOptionsSet.LaborCostsForConstractionOfNewInfrastructure', 'Typical labor costs for the installation of infrastructure for hanging-up cables', 'DOUBLE', '10', 'hours/km', 'PROJECT', '', 'Standard labor costs', '', '', '', '', '', '', '', '', '', '', '', '', '', '', '', 0, 1000000, 'countries'),
(242, 'AccessTechnologyOptionsSet.LaborCostsLengthInhouseSubscriberLines', 'Typical annual labor costs per km of indoor subscriber lines', 'JSON', '{\"ADSL2+\":5,\"DOCSIS\":5,\"DWDM\":5,\"Ethernet FX\":5,\"Ethernet TX\":5,\"GEPON\":5,\"POS (SDH)\":5,\"10GEPON\":5}', 'hours/year', 'PROJECT', 'SLEVEL', 'Standard labor costs', '', '', '', '', '', '', '', '', '', '', '', '', '', '', '', 0, 1000000, 'countries'),
(243, 'AccessTechnologyOptionsSet.LaborCostsServiceCableSewerage', 'Typical annual labor costs for maintenance of one km of cable in the duct ', 'DOUBLE', '10', 'hours/year', 'PROJECT', '', 'Standard labor costs', '', '', '', '', '', '', '', '', '', '', '', '', '', '', '', 0, 1000000, 'countries'),
(244, 'AccessTechnologyOptionsSet.LaborCostsServicePillars', 'Typical annual labor costs for service of one km of the infrastructure for hanging-up cables (pillars)', 'DOUBLE', '10', 'hours/year', 'PROJECT', '', 'Standard labor costs', '', '', '', '', '', '', '', '', '', '', '', '', '', '', '', 0, 1000000, 'countries'),
(246, 'AccessTechnologyOptionsSet.LaborCostsSuspensionCable', 'Typical labor costs for the cable hanging-up', 'DOUBLE', '10', 'hours/km', 'PROJECT', '', 'Standard labor costs', '', '', '', '', '', '', '', '', '', '', '', '', '', '', '', 0, 1000000, 'countries'),
(247, 'AccessTechnologyOptionsSet.LaborCostsTEOA', 'Typical labor costs for the arrangement of a locations for TEAP', 'JSON', '{\"Ethernet FX\":40.44,\"Ethernet TX\":37.04,\"FSO\":85.24,\"GEPON\":40.44,\"WiFi\":85.24,\"WiMax\":85.24}', 'hours/unit', 'PROJECT', 'DLEVEL', 'Standard labor costs', '', '', '', '', '', '', '', '', '', '', '', '', '', '', '', 0, 1000000, 'countries'),
(248, 'AccessTechnologyOptionsSet.MaximumCommunicationChannelAggregative', 'Maximum length of the communication link for the aggregation segment', 'JSON', '{\"DWDM\":80,\"Ethernet FX\":15,\"Ethernet TX\":0.1,\"FSO\":7,\"POS (SDH)\":40,\"SDH (microwave)\":40,\"10GEPON\":20}', 'km', 'PROJECT', 'ALEVEL', 'Technology specific indicators', '', '', '', '', '', '', '', '', '', '', '', '', '', '', '', 0, 1000000, 'countries'),
(250, 'AccessTechnologyOptionsSet.MaximumLengthOfSLInBuildings', 'Maximum length of indoor lines', 'JSON', '{\"ADSL2+\":2.5,\"DOCSIS\":28,\"Ethernet TX\":0.1,\"GEPON\":20}', 'km', 'PROJECT', '', 'Technology specific indicators', '', '', '', '', '', '', '', '', '', '', '', '', '', '', '', 0, 10, 'countries'),
(251, 'AccessTechnologyOptionsSet.MediumTypeOfCL', 'Type of transmission medium for the organization of trunks of a distribution network', 'INT', '1', '(1 - wireless, 2 - copper, 3 - fiber-optic)', 'PROJECT', '', 'Technology specific indicators', '', '', '', '', '', '', '', '', '', '', '', '', '', '', '', 1, 3, 'countries'),
(252, 'AccessTechnologyOptionsSet.MediumTypeOfCLAggr', 'Type of transmission medium for the organization of trunks of a aggregation network', 'INT', '1', '(1 - wireless, 2 - copper, 3 - fiber-optic)', 'PROJECT', '', 'Technology specific indicators', '', '', '', '', '', '', '', '', '', '', '', '', '', '', '', 1, 3, 'countries'),
(254, 'AccessTechnologyOptionsSet.NumberSubscribersEOA', 'Number of subscribers that can be served by one unit of AOE (number of subscriber ports, number of subscribers that form the maximum number of simultaneous connections. etc.)', 'JSON', '{\"ADSL2+\":48,\"DOCSIS\":1000,\"Ethernet TX\":24,\"GEPON\":1024,\"WiFi\":200}', 'peoples', 'PROJECT', 'SLEVEL', 'Technology specific indicators', '', '', '', '', '', '', '', '', '', '', '', '', '', '', '', 0, 100000, 'countries'),
(255, 'AccessTechnologyOptionsSet.PowerConsumptionEOA', 'Annual power consumption over a unit of AOE', 'JSON', '{\"ADSL2+\":1367,\"DOCSIS\":386,\"DWDM\":342,\"Ethernet FX\":342,\"Ethernet TX\":280,\"GEPON\":342,\"WiFi\":114,\"WiMax\":114}', 'kWh/year', 'PROJECT', 'SLEVEL', 'Technology specific indicators', '', '', '', '', '', '', '', '', '', '', '', '', '', '', '', 0, 100000, 'countries'),
(256, 'AccessTechnologyOptionsSet.PowerConsumptionTEOA', 'Annual power consumption over a unit of TEAP', 'JSON', '{\"Ethernet FX\":421,\"Ethernet TX\":586,\"FSO\":202,\"GEPON\":1463,\"WiFi\":87,\"WiMax\":202}', 'kWh/year', 'PROJECT', 'DLEVEL', 'Technology specific indicators', '', '', '', '', '', '', '', '', '', '', '', '', '', '', '', 0, 100000, 'countries'),
(258, 'AccessTechnologyOptionsSet.QuantityFloorsEOA', 'Number of floors covered by signal per one AOE unit', 'INT', '2', 'floors', 'PROJECT', '', 'Technology specific indicators', '', '', '', '', '', '', '', '', '', '', '', '', '', '', '', 1, 5, 'countries'),
(259, 'AccessTechnologyOptionsSet.RadiusEOA', 'Territory coverage area radius for one of AOE unit (maximum length of subscriber lines, distance of signal propagation in the absence of buildings, etc.)', 'JSON', '{\"ADSL2+\":2.5,\"DOCSIS\":28,\"Ethernet TX\":0.1,\"GEPON\":20,\"WiFi\":0.4}', 'km', 'PROJECT', 'SLEVEL', 'Technology specific indicators', '', '', '', '', '', '', '', '', '', '', '', '', '', '', '', 0, 100000, 'countries'),
(260, 'AccessTechnologyOptionsSet.ReduceRadius', 'Coefficient of reduction of the radius of coverage due to density of buildings and basic building materials', 'JSON', '{\"WiFi\":0.00195,\"WiMax\":0.00093}', 'coeff', 'PROJECT', '', 'Technology specific indicators', '', '', '', '', '', '', '', '', '', '', '', '', '', '', '', 0, 1, 'countries'),
(262, 'DemandOptionsSet.PayableAdult', 'Percentage of solvent population of the older age group (over 55 years old)', 'DOUBLE', '40', '%', 'PROJECT', '', 'Organizational indicators', '', '', '', '', '', '', '', '', '', '', '', '', '', '', '', 0, 100, 'countries'),
(263, 'DemandOptionsSet.PayableAverageAge', 'Percentage of solvent population of the middle age group (from 25 to 55 years old)', 'DOUBLE', '30', '%', 'PROJECT', '', 'Organizational indicators', '', '', '', '', '', '', '', '', '', '', '', '', '', '', '', 0, 100, 'countries'),
(264, 'DemandOptionsSet.PayableYounger', 'Percentage of solvent population of the younger age group (up to 25 years old)', 'DOUBLE', '30', '%', 'PROJECT', '', 'Organizational indicators', '', '', '', '', '', '', '', '', '', '', '', '', '', '', '', 0, 100, 'countries'),
(266, 'DevelopmentParametersSet.AverageMultistorey', 'Average number of floors in a high-rise building', 'DOUBLE', '9', 'floors', 'PROJECT', '', 'Building parameters', '', '', '', '', '', '', '', '', '', '', '', '', '', '', '', 3, 20, 'countries'),
(267, 'DevelopmentParametersSet.BuildingDensity', 'Building density', 'DOUBLE', '5', 'buildings/sq km', 'PROJECT', '', 'Organizational indicators', '', '', '', '', '', '', '', '', '', '', '', '', '', '', '', 0, 100, 'countries'),
(268, 'DevelopmentParametersSet.CostOfOperationNewInfrastructure', 'Cost of work on the operation of the infrastructure for hanging-up cables (pillars)', 'DOUBLE', '50', 'USD/hour', 'PROJECT', '', 'Personnel labor cost', '', '', '', '', '', '', '', '', '', '', '', '', '', '', '', 0, 100000, 'countries'),
(270, 'DevelopmentParametersSet.MultistoryMultifamily', 'Percentage of high-rise multi-apartment buildings', 'DOUBLE', '30', '%', 'PROJECT', '', 'Organizational indicators', '', '', '', '', '', '', '', '', '', '', '', '', '', '', '', 0, 100, 'countries'),
(271, 'DevelopmentParametersSet.NormativeAnnualRentOfCableDuct', 'Typical annual rent the outdoor cable duct for the cable', 'DOUBLE', '50', 'USD/km', 'PROJECT', '', 'Financial indicators', '', '', '', '', '', '', '', '', '', '', '', '', '', '', '', 0, 100000, 'countries'),
(272, 'DevelopmentParametersSet.PercentOfExistingExternalDuct', 'Percentage of coverage of the territory of the locality with cable ducts for laying outdoor communication lines', 'DOUBLE', '50', '%', 'PROJECT', '', 'Organizational indicators', '', '', '', '', '', '', '', '', '', '', '', '', '', '', '', 0, 100, 'countries'),
(274, 'DevelopmentParametersSet.PercentOfExistingPillars', 'Percentage of infrastructure coverage for hanged-up cables', 'DOUBLE', '50', '%', 'PROJECT', '', 'Organizational indicators', '', '', '', '', '', '', '', '', '', '', '', '', '', '', '', 0, 100, 'countries'),
(275, 'DevelopmentParametersSet.PrivateHouses', 'Percentage of private (low-rise) dwellings', 'DOUBLE', '30', '%', 'PROJECT', '', 'Organizational indicators', '', '', '', '', '', '', '', '', '', '', '', '', '', '', '', 0, 100, 'countries'),
(278, 'GeographicalParametersSet.BuiltupArea', 'Percentage of build-up area of the object', 'DOUBLE', '50', '%', 'PROJECT', '', 'Organizational indicators', '', '', '', '', '', '', '', '', '', '', '', '', '', '', '', 0, 100, 'countries'),
(279, 'GeographicalParametersSet.ReliefCoef', 'Coefficient of considering the terrain relief (the ability to reduce or increase the signal range for wireless technology due to the features of the terrain relief)', 'DOUBLE', '0.6', 'coeff', 'PROJECT', '', 'Technology specific indicators', '', '', '', '', '', '', '', '', '', '', '', '', '', '', '', 0, 1, 'countries'),
(280, 'GeographicalParametersSet.Square', 'Total area of the object (design area)', 'DOUBLE', '10', 'sq km', 'SPECIFIC', '', 'Organizational indicators', '', '', '', '', '', '', '', '', '', '', '', '', '', '', '', 0, 100000, 'countries'),
(282, 'PopulationOptionsSet.TouristPopulation', 'Number of additional non-permanent residents living in this locality simultaneously', 'INT', '1000', 'peoples', 'PROJECT', '', 'Organizational indicators', '', '', '', '', '', '', '', '', '', '', '', '', '', '', '', 0, 10000000000, 'countries'),
(283, 'PVOptionSet.ARPU', 'Average month income per one subscriber', 'DOUBLE', '20', 'USD/month', 'PROJECT', '', 'Financial indicators', '', '', '', '', '', '', '', '', '', '', '', '', '', '', '', 0, 100000, 'countries'),
(287, 'PVOptionSet.VATax', 'Value-added tax rate', 'DOUBLE', '20', '%', 'PROJECT', '', 'Financial indicators', '', '', '', '', '', '', '', '', '', '', '', '', '', '', '', 0, 100, 'countries'),
(288, 'PVOptionsSet.DesignConstrCoeff', 'Percentage of typical costs for design from the cost of deployment', 'DOUBLE', '5', '%', 'PROJECT', '', 'Network desing specific parameters', '', '', '', '', '', '', '', '', '', '', '', '', '', '', '', 0, 100, 'countries'),
(291, 'AccessTechnologyOptionsSet.CostElectricity', 'Cost of electricity', 'DOUBLE', '1', 'USD/kWh', 'PROJECT', NULL, 'Financial indicators', NULL, NULL, NULL, NULL, NULL, NULL, NULL, NULL, NULL, NULL, NULL, NULL, NULL, NULL, NULL, 0, 1000000, 'all'),
(292, 'TopologySettings.AdminBN', 'Use the priority field for administrative setting of BN', 'INT', '0', '(1-Yes, 0-No)', 'PROJECT', NULL, 'Network desing specific parameters', NULL, NULL, NULL, NULL, NULL, NULL, NULL, NULL, NULL, NULL, NULL, NULL, NULL, NULL, NULL, 0, 1, 'all'),
(293, 'TopologySettings.UseCOWN', 'Use Cost of Ownership as optimization metric', 'INT', '1', '(1-Yes, 0-No)', 'PROJECT', NULL, 'Network desing specific parameters', NULL, NULL, NULL, NULL, NULL, NULL, NULL, NULL, NULL, NULL, NULL, NULL, NULL, NULL, NULL, 0, 1, 'all'),
(294, 'TopologySettings.LogToFile', 'Enable logging adhoc data to files', 'INT', '0', '(1-Yes, 0-No)', 'PROJECT', NULL, 'Network desing specific parameters', NULL, NULL, NULL, NULL, NULL, NULL, NULL, NULL, NULL, NULL, NULL, NULL, NULL, NULL, NULL, 0, 1, 'all'),
(295, 'TopologySettings.EnableGL', 'Enable logging to global variable', 'INT', '1', '(1-Yes, 0-No)', 'PROJECT', NULL, 'Network desing specific parameters', NULL, NULL, NULL, NULL, NULL, NULL, NULL, NULL, NULL, NULL, NULL, NULL, NULL, NULL, NULL, 0, 1, 'all'),
(296, 'AccessTechnologyOptionsSet.CostServiceCableInfrastructure', 'Cost of work on the operation of cable infrastructure', 'DOUBLE', '50', 'USD/hour', 'PROJECT', NULL, 'Personnel labor cost', NULL, NULL, NULL, NULL, NULL, NULL, NULL, NULL, NULL, NULL, NULL, NULL, NULL, NULL, NULL, 0, 10000, 'countries'),
(297, 'DevelopmentParametersSet.RentCostForHangedCable', 'Typical annual rent the pillars for the hanged-up cable', 'DOUBLE', '200', 'USD/km', 'PROJECT', NULL, 'Financial indicators', NULL, NULL, NULL, NULL, NULL, NULL, NULL, NULL, NULL, NULL, NULL, NULL, NULL, NULL, NULL, 0, 10000, 'countries'),
(298, 'AccessTechnologyOptionsSet.MaximumLengthCommunicationChannelDistributing', 'Maximum length of the communication link for the distribution segment', 'JSON', '{\"Ethernet FX\":20,\"Ethernet TX\":0.1,\"FSO\":7,\"GEPON\":20,\"WiFi\":0.4,\"WiMax\":50}', 'km', 'PROJECT', 'DLEVEL', 'Technology specific indicators', '', '', '', '', '', '', '', '', '', '', '', '', '', '', '', 0.05, 10, 'countries'),
(299, 'AccessTechnologyOptionsSet.QuantityEOAToTEOA', 'Number of AOEs that can be connected to one TEAP', 'JSON', '{\"Ethernet FX\":16,\"Ethernet TX\":40,\"FSO\":1,\"GEPON\":128,\"WiFi\":16,\"WiMax\":100}', 'unit', 'PROJECT', 'DLEVEL', 'Technology specific indicators', '', '', '', '', '', '', '', '', '', '', '', '', '', '', '', 1, 100, 'countries'),
(300, 'AccessTechnologyOptionsSet.AggregationInternalLines', 'Coefficient of lines aggregation to the cable for indoor lines', 'JSON', '{\"ADSL2+\":0.1,\"DOCSIS\":1,\"Ethernet TX\":167,\"GEPON\":125}', 'coeff', 'PROJECT', NULL, 'Technology specific indicators', NULL, NULL, NULL, NULL, NULL, NULL, NULL, NULL, NULL, NULL, NULL, NULL, NULL, NULL, NULL, 0.1, 1, 'countries'),
(301, 'AccessTechnologyOptionsSet.CostMaterialsEOA', 'Cost of materials for arrangement of one AOE location', 'JSON', '{\"ADSL2+\":1055.2,\"DOCSIS\":1055.2,\"Ethernet TX\":1055.2,\"GEPON\":293.6,\"WiFi\":1055.2}', 'USD', 'PROJECT', 'SLEVEL', 'Technology specific indicators', '', '', '', '', '', '', '', '', '', '', '', '', '', '', '', 0, 10000000, 'countries'),
(302, 'AccessTechnologyOptionsSet.CostSubscribersLines', 'Cost of SL cable', 'JSON', '{\"ADSL2+\":133,\"DOCSIS\":362.22,\"Ethernet TX\":1017.7,\"GEPON\":1700}', 'USD/km', 'PROJECT', 'SLEVEL', 'Technology specific indicators', '', '', '', '', '', '', '', '', '', '', '', '', '', '', '', 0, 1000000, 'countries'),
(303, 'AccessTechnologyOptionsSet.LaborCostsSuspensionCable', 'Typical labor costs for the cable hanging-up', 'JSON', '{\"ADSL2+\":626.7,\"DOCSIS\":626.7,\"DWDM\":626.7,\"Ethernet FX\":626.7,\"Ethernet TX\":626.7,\"GEPON\":626.7,\"POS (SDH)\":626.7,\"10GEPON\":626.7}', 'hours/km', 'PROJECT', NULL, 'Technology specific indicators', NULL, NULL, NULL, NULL, NULL, NULL, NULL, NULL, NULL, NULL, NULL, NULL, NULL, NULL, NULL, 1, 1000, 'countries'),
(304, 'AccessTechnologyOptionsSet.LaborCostsCableSewerage', 'Typical labor costs for laying the cable in the duct', 'JSON', '{\"ADSL2+\":574.08,\"DOCSIS\":574.08,\"DWDM\":574.08,\"Ethernet FX\":574.08,\"Ethernet TX\":574.08,\"GEPON\":574.08,\"POS (SDH)\":574.08,\"10GEPON\":574.08}', 'hours/km', 'PROJECT', NULL, 'Technology specific indicators', NULL, NULL, NULL, NULL, NULL, NULL, NULL, NULL, NULL, NULL, NULL, NULL, NULL, NULL, NULL, 0, 10000, 'countries'),
(305, 'AccessTechnologyOptionsSet.LaborCostsServiceSuspensionCable', 'Typical annual labor costs for maintenance of one km of hanged-up cable', 'JSON', '{\"ADSL2+\":20,\"DOCSIS\":20,\"DWDM\":20,\"Ethernet FX\":20,\"Ethernet TX\":20,\"GEPON\":20,\"POS (SDH)\":20,\"10GEPON\":20}', 'hours/year', 'PROJECT', NULL, 'Technology specific indicators', NULL, NULL, NULL, NULL, NULL, NULL, NULL, NULL, NULL, NULL, NULL, NULL, NULL, NULL, NULL, 0, 1000, 'countries'),
(306, 'AccessTechnologyOptionsSet.LaborCostsServiceCableSewerage', 'Typical annual labor costs for maintenance of one km of cable in the duct', 'JSON', '{\"ADSL2+\":26,\"DOCSIS\":26,\"DWDM\":26,\"Ethernet FX\":26,\"Ethernet TX\":26,\"GEPON\":26,\"POS (SDH)\":26,\"10GEPON\":26}', 'hours/year', 'PROJECT', NULL, 'Technology specific indicators', NULL, NULL, NULL, NULL, NULL, NULL, NULL, NULL, NULL, NULL, NULL, NULL, NULL, NULL, NULL, 0, 1000, 'countries'),
(307, 'TopologySettings.Algorithm', 'What topology algorithm to use. Available values: 1, 2', 'INT', '2', 'version', 'PROJECT', NULL, 'Network desing specific parameters', NULL, NULL, NULL, NULL, NULL, NULL, NULL, NULL, NULL, NULL, NULL, NULL, NULL, NULL, NULL, 1, 2, 'all'),
(308, 'InitialDataRadio.MaximumLinkCapacity', 'Maximum capacity of RTS link', 'INT', '750.000', 'Mbps', 'PROJECT', 'RTS', 'Technology specific indicators', '', '', '', '', '', '', '', '', '', '', '', '', '', '', '', 0, 10000, 'all'),
(309, 'InitialDataSatelite.MaximumLinkCapacity', 'Maximum capacity of saellite link by using few VSATs in parallel', 'INT', '50.000', 'Mbps', 'PROJECT', 'SC', 'Technology specific indicators', '', '', '', '', '', '', '', '', '', '', '', '', '', '', '', 0, 1000, 'all'),
(310, 'InitialDataCellular.MaximumLinkCapacity', 'Maximum capacity of cellular link by using few modems in parallel ', 'INT', '30.000', 'Mbps', 'PROJECT', 'CELLULAR', 'Technology specific indicators', '', '', '', '', '', '', '', '', '', '', '', '', '', '', '', 0, 1000, 'all'),
(311, 'AccessTechnologyOptionsSet.CostConnectingLines', 'Cost of the distribution segment cable', 'JSON', '{\"Ethernet FX\":615,\"Ethernet TX\":1017.7,\"GEPON\":1700}', 'USD/km', 'PROJECT', 'DLEVEL', 'Cost of equipment & materials', '', '', '', '', '', '', '', '', '', '', '', '', '', '', '', 0, 1000000, 'countries'),
(312, 'TopologySettings.MaximumNodeNumber', 'Maximum number of nodes per cluster', 'INT', '100', 'nodes', 'PROJECT', NULL, 'Network desing specific parameters', NULL, NULL, NULL, NULL, NULL, NULL, NULL, NULL, NULL, NULL, NULL, NULL, NULL, NULL, NULL, 1, 10000, 'all'),
(313, 'TopologySettings.MaxDist', 'Maximum distance between two objects in the cluster', 'INT', '150000', 'meters', 'PROJECT', NULL, 'Network desing specific parameters', NULL, NULL, NULL, NULL, NULL, NULL, NULL, NULL, NULL, NULL, NULL, NULL, NULL, NULL, NULL, 10000, 10000, 'all'),
(314, 'InitialData.UseSatellite', 'Use Satellite for optimisation', 'INT', '0', 'logical', 'PROJECT', NULL, 'Network desing specific parameters', NULL, NULL, NULL, NULL, NULL, NULL, NULL, NULL, NULL, NULL, NULL, NULL, NULL, NULL, NULL, 0, 1, 'countries'),
(315, 'InitialData.UseRTS', 'Use RTS for optimisation', 'INT', '0', 'logical', 'PROJECT', NULL, 'Network desing specific parameters', NULL, NULL, NULL, NULL, NULL, NULL, NULL, NULL, NULL, NULL, NULL, NULL, NULL, NULL, NULL, 0, 1, 'countries'),
(316, 'InitialData.UseFOCL', 'Use FOCL for optimisation', 'INT', '1', 'logical', 'PROJECT', NULL, 'Network desing specific parameters', NULL, NULL, NULL, NULL, NULL, NULL, NULL, NULL, NULL, NULL, NULL, NULL, NULL, NULL, NULL, 0, 1, 'countries'),
(317, 'InitialData.UseCellular', 'Use Cellular for optimisation', 'INT', '0', 'logical', 'PROJECT', NULL, 'Network desing specific parameters', NULL, NULL, NULL, NULL, NULL, NULL, NULL, NULL, NULL, NULL, NULL, NULL, NULL, NULL, NULL, 0, 1, 'countries'),
(318, 'TopologySettings.FOCLBased', 'Preliminary FOCL topology optimization   ', 'INT', '1', 'logical', 'PROJECT', NULL, 'Network desing specific parameters', NULL, NULL, NULL, NULL, NULL, NULL, NULL, NULL, NULL, NULL, NULL, NULL, NULL, NULL, NULL, 0, 1, 'all'),
(319, 'TopologySettings.RTSBased', 'Preliminary RTS topology optimization', 'INT', '0', 'logical', 'PROJECT', NULL, 'Network desing specific parameters', NULL, NULL, NULL, NULL, NULL, NULL, NULL, NULL, NULL, NULL, NULL, NULL, NULL, NULL, NULL, 0, 1, 'all'),
(320, 'TopologySettings.ExcludeCellular', 'Exclude 4G enabled nodes from step-by-step process', 'INT', '0', 'logical', 'PROJECT', NULL, 'Network desing specific parameters', NULL, NULL, NULL, NULL, NULL, NULL, NULL, NULL, NULL, NULL, NULL, NULL, NULL, NULL, NULL, 0, 1, 'all'),
(322, 'TopologySettings.EnableCore', 'Create FOCL core before step-by-step topology creation process', 'INT', '0', 'logical', 'PROJECT', NULL, 'Network desing specific parameters', NULL, NULL, NULL, NULL, NULL, NULL, NULL, NULL, NULL, NULL, NULL, NULL, NULL, NULL, NULL, 0, 1, 'all'),
(323, 'TopologySettings.CoreSize', 'Number of nodes included to the core', 'INT', '0', 'unit', 'PROJECT', NULL, 'Network desing specific parameters', NULL, NULL, NULL, NULL, NULL, NULL, NULL, NULL, NULL, NULL, NULL, NULL, NULL, NULL, NULL, 0, 100, 'all'),
(324, 'TopologySettings.EnablePostopt', 'Enabling post-optimization of choosed technologies', 'INT', '1', 'logical', 'PROJECT', NULL, 'Network desing specific parameters', NULL, NULL, NULL, NULL, NULL, NULL, NULL, NULL, NULL, NULL, NULL, NULL, NULL, NULL, NULL, 0, 1, 'all'),
(326, 'TopologySettings.DCNodes', 'Nodes with 0-DTF should use own FOCL connectivity', 'INT', '0', 'logical', 'PROJECT', NULL, 'Network desing specific parameters', NULL, NULL, NULL, NULL, NULL, NULL, NULL, NULL, NULL, NULL, NULL, NULL, NULL, NULL, NULL, 0, 1, 'all'),
(818, 'ExtParam.ConstructionCostFOCL', 'Fiber optic cable line construction cost (aerial / buried / over existing cable ducts or poles) USD per km', 'DOUBLE', '5000', NULL, 'PROJECT', NULL, NULL, NULL, NULL, NULL, NULL, NULL, NULL, NULL, NULL, NULL, NULL, NULL, NULL, NULL, NULL, NULL, NULL, NULL, 'global'),
(819, 'ExtParam.EquipCostFOCL', 'Fiber optic cable line construction cost (aerial / buried / over existing cable ducts or poles) USD per km', 'DOUBLE', '0', NULL, 'PROJECT', NULL, NULL, NULL, NULL, NULL, NULL, NULL, NULL, NULL, NULL, NULL, NULL, NULL, NULL, NULL, NULL, NULL, NULL, NULL, 'global'),
(820, 'ExtParam.AnnualMaintenanceCostFOCL', 'Annual fiber optic cable line operation and maintenance cost (aerial / buried / over existing cable ducts or poles) USD per km per year', 'DOUBLE', '163.64', NULL, 'PROJECT', NULL, NULL, NULL, NULL, NULL, NULL, NULL, NULL, NULL, NULL, NULL, NULL, NULL, NULL, NULL, NULL, NULL, NULL, NULL, 'global'),
(821, 'ExtParam.AnnualISPFeeFOCL1', 'Annual ISP fee for 1 Mbps of dedicated internet access channel over a fiber optic cable line  (For total troughput < 1 Gbps)       USD per Mbps per year', 'DOUBLE', '17.21', NULL, 'PROJECT', NULL, NULL, NULL, NULL, NULL, NULL, NULL, NULL, NULL, NULL, NULL, NULL, NULL, NULL, NULL, NULL, NULL, NULL, NULL, 'global'),
(822, 'ExtParam.AnnualISPFeeFOCL2', 'Annual ISP fee for 1 Mbps of dedicated internet access channel over a fiber optic cable line  (For total troughput >= 1 Gbps) USD per Mbps per year', 'DOUBLE', '10.30', NULL, 'PROJECT', NULL, NULL, NULL, NULL, NULL, NULL, NULL, NULL, NULL, NULL, NULL, NULL, NULL, NULL, NULL, NULL, NULL, NULL, NULL, 'global'),
(823, 'ExtParam.RTS_1_MaxBw', 'Microwave type 1 maximum link speed in Mbps', 'DOUBLE', '750', NULL, 'PROJECT', NULL, NULL, NULL, NULL, NULL, NULL, NULL, NULL, NULL, NULL, NULL, NULL, NULL, NULL, NULL, NULL, NULL, NULL, NULL, 'global'),
(824, 'ExtParam.RTS_2_MaxBw', 'Microwave type 2 maximum link speed in Mbps', 'DOUBLE', '9750', NULL, 'PROJECT', NULL, NULL, NULL, NULL, NULL, NULL, NULL, NULL, NULL, NULL, NULL, NULL, NULL, NULL, NULL, NULL, NULL, NULL, NULL, 'global'),
(825, 'ExtParam.ConstructionCostRTS_1', 'Microwave point-to-point channel construction cost USD per installation', 'DOUBLE', '2000', NULL, 'PROJECT', NULL, NULL, NULL, NULL, NULL, NULL, NULL, NULL, NULL, NULL, NULL, NULL, NULL, NULL, NULL, NULL, NULL, NULL, NULL, 'global'),
(826, 'ExtParam.ConstructionCostRTS_2', 'Microwave point-to-point channel construction cost USD per installation', 'DOUBLE', '12400', NULL, 'PROJECT', NULL, NULL, NULL, NULL, NULL, NULL, NULL, NULL, NULL, NULL, NULL, NULL, NULL, NULL, NULL, NULL, NULL, NULL, NULL, 'global'),
(827, 'ExtParam.ConstructionDistLimitRTS_1', 'RTS_1 maximum per hop distance in km', 'DOUBLE', '50', NULL, 'PROJECT', NULL, NULL, NULL, NULL, NULL, NULL, NULL, NULL, NULL, NULL, NULL, NULL, NULL, NULL, NULL, NULL, NULL, NULL, NULL, 'global'),
(828, 'ExtParam.ConstructionDistLimitRTS_2', 'RTS_2 maximum per hop distance in km', 'DOUBLE', '18', NULL, 'PROJECT', NULL, NULL, NULL, NULL, NULL, NULL, NULL, NULL, NULL, NULL, NULL, NULL, NULL, NULL, NULL, NULL, NULL, NULL, NULL, 'global'),
(829, 'ExtParam.AnnualMaintenanceCostRTS_1', 'Annual microwave point-to-point channel operation and maintenance cost USD per km per year', 'DOUBLE', '100', NULL, 'PROJECT', NULL, NULL, NULL, NULL, NULL, NULL, NULL, NULL, NULL, NULL, NULL, NULL, NULL, NULL, NULL, NULL, NULL, NULL, NULL, 'global'),
(830, 'ExtParam.AnnualMaintenanceCostRTS_2', 'Annual microwave point-to-point channel operation and maintenance cost USD per km per year', 'DOUBLE', '200', NULL, 'PROJECT', NULL, NULL, NULL, NULL, NULL, NULL, NULL, NULL, NULL, NULL, NULL, NULL, NULL, NULL, NULL, NULL, NULL, NULL, NULL, 'global'),
(831, 'ExtParam.SpectrumLicenseCostOne_1', 'One time spectrum license fee for 1MHz USD per MHz, was 0 for Brazil', 'DOUBLE', '611', NULL, 'PROJECT', NULL, NULL, NULL, NULL, NULL, NULL, NULL, NULL, NULL, NULL, NULL, NULL, NULL, NULL, NULL, NULL, NULL, NULL, NULL, 'global'),
(832, 'ExtParam.SpectrumLicenseCostReccur_1', 'Annual recurring spectrum license fee for 1MHz USD per MHz per year', 'DOUBLE', '0', NULL, 'PROJECT', NULL, NULL, NULL, NULL, NULL, NULL, NULL, NULL, NULL, NULL, NULL, NULL, NULL, NULL, NULL, NULL, NULL, NULL, NULL, 'global'),
(833, 'ExtParam.SpectrumLicenseCostOne_2', 'One time spectrum license fee for 1MHz USD per MHz, was 0 for Brazil', 'DOUBLE', '0', NULL, 'PROJECT', NULL, NULL, NULL, NULL, NULL, NULL, NULL, NULL, NULL, NULL, NULL, NULL, NULL, NULL, NULL, NULL, NULL, NULL, NULL, 'global'),
(834, 'ExtParam.SpectrumLicenseCostReccur_2', 'Annual recurring spectrum license fee for 1MHz USD per MHz per year', 'DOUBLE', '75', NULL, 'PROJECT', NULL, NULL, NULL, NULL, NULL, NULL, NULL, NULL, NULL, NULL, NULL, NULL, NULL, NULL, NULL, NULL, NULL, NULL, NULL, 'global'),
(835, 'ExtParam.EquipSAT', 'Satellite terminal equipment purchase and installation cost         USD per Mbps', 'DOUBLE', '599', NULL, 'PROJECT', NULL, NULL, NULL, NULL, NULL, NULL, NULL, NULL, NULL, NULL, NULL, NULL, NULL, NULL, NULL, NULL, NULL, NULL, NULL, 'global'),
(836, 'ExtParam.ScaleSAT_MaxBw', 'Satellite link speed that can be upscaled by increasing number of terminals', 'DOUBLE', '50', NULL, 'PROJECT', NULL, NULL, NULL, NULL, NULL, NULL, NULL, NULL, NULL, NULL, NULL, NULL, NULL, NULL, NULL, NULL, NULL, NULL, NULL, 'global'),
(837, 'ExtParam.EquipMainantanceSAT', 'Annual satellite terminal and ad-hoc equipment maintenance cost USD per Mbps per year', 'DOUBLE', '10', NULL, 'PROJECT', NULL, NULL, NULL, NULL, NULL, NULL, NULL, NULL, NULL, NULL, NULL, NULL, NULL, NULL, NULL, NULL, NULL, NULL, NULL, 'global'),
(838, 'ExtParam.AnnualISPFeeSAT', 'Annual ISP fee for 1 Mbps of dedicated internet access channel over a satellite link USD per Mbps per year', 'DOUBLE', '12', NULL, 'PROJECT', NULL, NULL, NULL, NULL, NULL, NULL, NULL, NULL, NULL, NULL, NULL, NULL, NULL, NULL, NULL, NULL, NULL, NULL, NULL, 'global'),
(839, 'ExtParam.EquipCELL', 'Cellular terminal equipment purchase and installation cost USD per Mbps', 'DOUBLE', '400', NULL, 'PROJECT', NULL, NULL, NULL, NULL, NULL, NULL, NULL, NULL, NULL, NULL, NULL, NULL, NULL, NULL, NULL, NULL, NULL, NULL, NULL, 'global'),
(840, 'ExtParam.AnnualISPFeeCELL', 'Annual fee for 1 Mbps of dedicated internet access over cellular link USD per Mbps per year', 'DOUBLE', '25', NULL, 'PROJECT', NULL, NULL, NULL, NULL, NULL, NULL, NULL, NULL, NULL, NULL, NULL, NULL, NULL, NULL, NULL, NULL, NULL, NULL, NULL, 'global'),
(841, 'ExtParam.AverageIncome', 'Average wage per year', 'DOUBLE', '7850', NULL, 'PROJECT', NULL, NULL, NULL, NULL, NULL, NULL, NULL, NULL, NULL, NULL, NULL, NULL, NULL, NULL, NULL, NULL, NULL, NULL, NULL, 'global'),
(842, 'ExtParam.ServiceLicenseFeeOne', 'One time service license fee USD', 'DOUBLE', '100000', NULL, 'PROJECT', NULL, NULL, NULL, NULL, NULL, NULL, NULL, NULL, NULL, NULL, NULL, NULL, NULL, NULL, NULL, NULL, NULL, NULL, NULL, 'global'),
(843, 'ExtParam.LmApCapacity', 'Capacity of the access point', 'DOUBLE', '20', NULL, 'PROJECT', NULL, NULL, NULL, NULL, NULL, NULL, NULL, NULL, NULL, NULL, NULL, NULL, NULL, NULL, NULL, NULL, NULL, NULL, NULL, 'global'),
(844, 'ExtParam.LmApConEqCost', 'Cost of equipment and istallation for access point', 'DOUBLE', '300', NULL, 'PROJECT', NULL, NULL, NULL, NULL, NULL, NULL, NULL, NULL, NULL, NULL, NULL, NULL, NULL, NULL, NULL, NULL, NULL, NULL, NULL, 'global'),
(845, 'ExtParam.LmApMntCost', 'Maintanace cost per 1 access point', 'DOUBLE', '50', NULL, 'PROJECT', NULL, NULL, NULL, NULL, NULL, NULL, NULL, NULL, NULL, NULL, NULL, NULL, NULL, NULL, NULL, NULL, NULL, NULL, NULL, 'global'),
(846, 'ExtParam.LmApElectrCons', 'Total cost of electricity consume by 1 access point for 1 year KW/h (30W, 263)', 'DOUBLE', '263', NULL, 'PROJECT', NULL, NULL, NULL, NULL, NULL, NULL, NULL, NULL, NULL, NULL, NULL, NULL, NULL, NULL, NULL, NULL, NULL, NULL, NULL, 'global'),
(847, 'ExtParam.LmRoadsToFOCL', 'Coefficient for estimation of required total FOCL length via total roads length in hexagon', 'DOUBLE', '1', NULL, 'PROJECT', NULL, NULL, NULL, NULL, NULL, NULL, NULL, NULL, NULL, NULL, NULL, NULL, NULL, NULL, NULL, NULL, NULL, NULL, NULL, 'global'),
(848, 'ExtParam.LmBsCapacity', 'Capacity of the bs (MikroTik InterCell 10 B38+B39 | Base station | LTE B38 + B39, 2x RJ45 1000Mb/s, 2x SFP) ', 'DOUBLE', '192', NULL, 'PROJECT', NULL, NULL, NULL, NULL, NULL, NULL, NULL, NULL, NULL, NULL, NULL, NULL, NULL, NULL, NULL, NULL, NULL, NULL, NULL, 'global'),
(849, 'ExtParam.LmBsCoverage', 'Base station NLOS coverage, sq.km ', 'DOUBLE', '78', NULL, 'PROJECT', NULL, NULL, NULL, NULL, NULL, NULL, NULL, NULL, NULL, NULL, NULL, NULL, NULL, NULL, NULL, NULL, NULL, NULL, NULL, 'global'),
(850, 'ExtParam.LmBsConEqCost', 'Cost of equipment and istallation for access point', 'DOUBLE', '3400', NULL, 'PROJECT', NULL, NULL, NULL, NULL, NULL, NULL, NULL, NULL, NULL, NULL, NULL, NULL, NULL, NULL, NULL, NULL, NULL, NULL, NULL, 'global'),
(851, 'ExtParam.LmBsMntCost', 'Maintanace cost per 1 access point', 'DOUBLE', '300', NULL, 'PROJECT', NULL, NULL, NULL, NULL, NULL, NULL, NULL, NULL, NULL, NULL, NULL, NULL, NULL, NULL, NULL, NULL, NULL, NULL, NULL, 'global'),
(852, 'ExtParam.LmBsElectrCons', 'Total cost of electricity consumed by 1 access point for 1 year KW/h (200W, 1752)', 'DOUBLE', '1752', NULL, 'PROJECT', NULL, NULL, NULL, NULL, NULL, NULL, NULL, NULL, NULL, NULL, NULL, NULL, NULL, NULL, NULL, NULL, NULL, NULL, NULL, 'global'),
(853, 'ExtParam.LmElectrCost', 'Electricity cost USD', 'DOUBLE', '0.156', NULL, 'PROJECT', NULL, NULL, NULL, NULL, NULL, NULL, NULL, NULL, NULL, NULL, NULL, NULL, NULL, NULL, NULL, NULL, NULL, NULL, NULL, 'global'),
(854, 'ExtParam.LmObjSize', 'Size of Object in km', 'DOUBLE', '5.161', NULL, 'PROJECT', NULL, NULL, NULL, NULL, NULL, NULL, NULL, NULL, NULL, NULL, NULL, NULL, NULL, NULL, NULL, NULL, NULL, NULL, NULL, 'global'),
(855, 'Coordinates.LonFirst', 'Longitude of the first object', 'DOUBLE', '35.8008955', 'radians', 'PROJECT', NULL, NULL, NULL, NULL, NULL, NULL, NULL, NULL, NULL, NULL, NULL, NULL, NULL, NULL, NULL, NULL, NULL, -180, 180, 'global'),
(856, 'Coordinates.LatFirst', 'Latitude of the first object', 'DOUBLE', '0.4400018', 'radians', 'PROJECT', NULL, NULL, NULL, NULL, NULL, NULL, NULL, NULL, NULL, NULL, NULL, NULL, NULL, NULL, NULL, NULL, NULL, -90, 90, 'global'),
(857, 'Coordinates.LonSecond', 'Longitude of the second object', 'DOUBLE', '35.8055039', 'radians', 'PROJECT', NULL, NULL, NULL, NULL, NULL, NULL, NULL, NULL, NULL, NULL, NULL, NULL, NULL, NULL, NULL, NULL, NULL, -180, 180, 'global'),
(858, 'Coordinates.LatSecond', 'Latitude of the second object', 'DOUBLE', '0.4263895', 'radians', 'PROJECT', NULL, NULL, NULL, NULL, NULL, NULL, NULL, NULL, NULL, NULL, NULL, NULL, NULL, NULL, NULL, NULL, NULL, -90, 90, 'global'),
(876, 'InitialData.UseNPV', 'Use NPV for find the best technology', 'INT', '1.0000000', 'logical', 'PROJECT', NULL, NULL, NULL, NULL, NULL, NULL, NULL, NULL, NULL, NULL, NULL, NULL, NULL, NULL, NULL, NULL, NULL, 0, 1, 'global'),
(882, 'Intermediate.FOCLSectionLengthCD', 'The average FOCL sections length requiring the construction of cable ducts', 'DOUBLE', '20', 'km', 'PROJECT', NULL, NULL, NULL, NULL, NULL, NULL, NULL, NULL, NULL, NULL, NULL, NULL, NULL, NULL, NULL, NULL, NULL, 0, 1000, 'global'),
(886, 'Intermediate.FOCLSectionLengthCLM', 'The average FOCL sections length requiring cable-laying machine', 'DOUBLE', '20', 'km', 'PROJECT', NULL, NULL, NULL, NULL, NULL, NULL, NULL, NULL, NULL, NULL, NULL, NULL, NULL, NULL, NULL, NULL, NULL, 0, 1000, 'global'),
(984, 'Intermediate.TotalBandwidth', 'Total required bandwidth for all objects', 'DOUBLE', '10000.0000000', 'Mbps', 'PROJECT', NULL, NULL, NULL, NULL, NULL, NULL, NULL, NULL, NULL, NULL, NULL, NULL, NULL, NULL, NULL, NULL, NULL, 0, 1000000, 'global'),
(985, 'Intermediate.WestLon', 'Westernmost longitude of lattice or cell', 'DOUBLE', '43.5730000', 'radians', 'PROJECT', NULL, NULL, NULL, NULL, NULL, NULL, NULL, NULL, NULL, NULL, NULL, NULL, NULL, NULL, NULL, NULL, NULL, -180, 180, 'global'),
(986, 'Intermediate.EastLon', 'Easternmost longitude of lattice or cell', 'DOUBLE', '46.5120000', 'radians', 'PROJECT', NULL, NULL, NULL, NULL, NULL, NULL, NULL, NULL, NULL, NULL, NULL, NULL, NULL, NULL, NULL, NULL, NULL, -180, 180, 'global'),
(988, 'Intermediate.NorthLat', 'Northernmost latitude of lattice or cell', 'DOUBLE', '41.2609264', 'radians', 'PROJECT', NULL, NULL, NULL, NULL, NULL, NULL, NULL, NULL, NULL, NULL, NULL, NULL, NULL, NULL, NULL, NULL, NULL, -90, 90, 'global'),
(989, 'Intermediate.SouthLat', 'Southernmost latitude of lattice or cell', 'DOUBLE', '38.8527110', 'radians', 'PROJECT', NULL, NULL, NULL, NULL, NULL, NULL, NULL, NULL, NULL, NULL, NULL, NULL, NULL, NULL, NULL, NULL, NULL, -90, 90, 'global'),
(990, 'TopologySettings.MaximumDistanceBetweenObjects', 'Maximum distance between two objects in the cluster', 'DOUBLE', '10000.0000000', 'meters', 'PROJECT', NULL, NULL, NULL, NULL, NULL, NULL, NULL, NULL, NULL, NULL, NULL, NULL, NULL, NULL, NULL, NULL, NULL, 0, 100000, 'global'),
(991, 'TopologySettings.MaximumCumulativeBandwidth', 'Maximum cumulative required bandwidth for all objects in the cluster', 'DOUBLE', '1000.0000000', 'Mbps', 'PROJECT', NULL, NULL, NULL, NULL, NULL, NULL, NULL, NULL, NULL, NULL, NULL, NULL, NULL, NULL, NULL, NULL, NULL, 0, 10000, 'global'),
(996, 'Intermediate.MaxLeftToRightCells', 'Maximum number of cells between left and right borders of lattice', 'INT', '100.0000000', 'cells', 'PROJECT', NULL, NULL, NULL, NULL, NULL, NULL, NULL, NULL, NULL, NULL, NULL, NULL, NULL, NULL, NULL, NULL, NULL, 0, 10000, 'global'),
(997, 'Intermediate.MaxTopToBottomCells', 'Maximum number of cells between top and bottom borders of lattice', 'INT', '100.0000000', 'cells', 'PROJECT', NULL, NULL, NULL, NULL, NULL, NULL, NULL, NULL, NULL, NULL, NULL, NULL, NULL, NULL, NULL, NULL, NULL, 0, 10000, 'global'),
(998, 'Intermediate.max_between_left_and_right', 'Maximum distance between left and right borders  of lattice', 'DOUBLE', '100000.0000000', 'meters', 'PROJECT', NULL, NULL, NULL, NULL, NULL, NULL, NULL, NULL, NULL, NULL, NULL, NULL, NULL, NULL, NULL, NULL, NULL, 0, 10000000, 'global'),
(999, 'Intermediate.max_between_top_and_bottom', 'Maximum distance between top and bottom borders of lattice', 'DOUBLE', '100000.0000000', 'meters', 'PROJECT', NULL, NULL, NULL, NULL, NULL, NULL, NULL, NULL, NULL, NULL, NULL, NULL, NULL, NULL, NULL, NULL, NULL, 0, 10000000, 'global'),
(1005, 'Intermediate.BNIndex', 'Base node index', 'INT', '1', 'index', 'PROJECT', NULL, NULL, NULL, NULL, NULL, NULL, NULL, NULL, NULL, NULL, NULL, NULL, NULL, NULL, NULL, NULL, NULL, 0, 1000, 'global'),
(1006, 'Intermediate.BNLon', 'Basenode longitude', 'DOUBLE', '44.7300000', 'radians', 'PROJECT', NULL, NULL, NULL, NULL, NULL, NULL, NULL, NULL, NULL, NULL, NULL, NULL, NULL, NULL, NULL, NULL, NULL, -180, 180, 'global'),
(1007, 'Intermediate.BNLat', 'Basenode latitude', 'DOUBLE', '40.3300000', 'radians', 'PROJECT', NULL, NULL, NULL, NULL, NULL, NULL, NULL, NULL, NULL, NULL, NULL, NULL, NULL, NULL, NULL, NULL, NULL, -90, 90, 'global'),
(1013, 'TopologySettings.LastMile', 'Enable calculations for last mile\'s costs', 'INT', '0', 'logical', 'PROJECT', NULL, NULL, NULL, NULL, NULL, NULL, NULL, NULL, NULL, NULL, NULL, NULL, NULL, NULL, NULL, NULL, NULL, 0, 1, 'global'),
(1014, 'TopologySettings.LMTech', 'Technology for the last mile implementation', 'INT', '1', 'logical', 'PROJECT', NULL, NULL, NULL, NULL, NULL, NULL, NULL, NULL, NULL, NULL, NULL, NULL, NULL, NULL, NULL, NULL, NULL, 1, 3, 'global'),
(1022, 'TopologySettings.CostlessCapacity', 'Costless metric, bandwidth limit for FOCL', 'DOUBLE', '10000', 'Mbit/s', 'PROJECT', NULL, NULL, NULL, NULL, NULL, NULL, NULL, NULL, NULL, NULL, NULL, NULL, NULL, NULL, NULL, NULL, NULL, 0, 1000000, 'global'),
(1023, 'TopologySettings.CostlessBwExtracharge', 'Costless metric, bandwidth extracharge', 'INT', '10.0', '%', 'PROJECT', NULL, NULL, NULL, NULL, NULL, NULL, NULL, NULL, NULL, NULL, NULL, NULL, NULL, NULL, NULL, NULL, NULL, 0, 100, 'global'),
(1024, 'TopologySettings.CostlessUnitPrice', 'Costless metric, Price of the unit for conversion from costless to cost-based', 'DOUBLE', '13636.30', 'currency unit', 'PROJECT', NULL, NULL, NULL, NULL, NULL, NULL, NULL, NULL, NULL, NULL, NULL, NULL, NULL, NULL, NULL, NULL, NULL, 0, 1000000, 'global'),
(1025, 'TopologySettings.CostlessCapacityRTS', 'Costless metric, bandwidth limit for RTS', 'DOUBLE', '750', 'Mbit/s', 'PROJECT', NULL, NULL, NULL, NULL, NULL, NULL, NULL, NULL, NULL, NULL, NULL, NULL, NULL, NULL, NULL, NULL, NULL, 0, 1000000, 'global'),
(1026, 'TopologySettings.CostlessDistRTS', 'Costless metric, One hop distance for RTS', 'DOUBLE', '20.0', 'km', 'PROJECT', NULL, NULL, NULL, NULL, NULL, NULL, NULL, NULL, NULL, NULL, NULL, NULL, NULL, NULL, NULL, NULL, NULL, 0, 10000, 'global'),
(1027, 'TopologySettings.CostlessCapacitySAT', 'Costless metric, bandwidth limit for SAT', 'DOUBLE', '100', 'Mbit/s', 'PROJECT', NULL, NULL, NULL, NULL, NULL, NULL, NULL, NULL, NULL, NULL, NULL, NULL, NULL, NULL, NULL, NULL, NULL, 0, 1000000, 'all'),
(1028, 'TopologySettings.CostlessCapacityCELL', 'Costless metric, bandwidth limit for CELL', 'DOUBLE', '50', 'Mbit/s', 'PROJECT', NULL, NULL, NULL, NULL, NULL, NULL, NULL, NULL, NULL, NULL, NULL, NULL, NULL, NULL, NULL, NULL, NULL, 0, 1000000, 'all'),
(1029, 'TopologySettings.CostlessRTSBaseMetr', 'Costless metric, base metric for RTS', 'DOUBLE', '1.44', 'unit', 'PROJECT', NULL, NULL, NULL, NULL, NULL, NULL, NULL, NULL, NULL, NULL, NULL, NULL, NULL, NULL, NULL, NULL, NULL, 0, 1000000, 'all'),
(1030, 'TopologySettings.CostlessSATBaseMetr', 'Costless metric, base metric for SAT', 'DOUBLE', '0.12', 'unit', 'PROJECT', NULL, NULL, NULL, NULL, NULL, NULL, NULL, NULL, NULL, NULL, NULL, NULL, NULL, NULL, NULL, NULL, NULL, 0, 1000000, 'all'),
(1031, 'TopologySettings.CostlessCELLBaseMetr', 'Costless metric, base metric for CELL', 'DOUBLE', '0.08', 'unit', 'PROJECT', NULL, NULL, NULL, NULL, NULL, NULL, NULL, NULL, NULL, NULL, NULL, NULL, NULL, NULL, NULL, NULL, NULL, 0, 1000000, 'all'),
(1075, 'InitialData.NodeFrom', 'The node to connect from', 'INT', '2', 'node_index', 'PROJECT', NULL, NULL, NULL, NULL, NULL, NULL, NULL, NULL, NULL, NULL, NULL, NULL, NULL, NULL, NULL, NULL, NULL, 1, 1000, 'all'),
(1076, 'InitialData.NodeTo', 'The node to connect to', 'INT', '3', 'node_index', 'PROJECT', NULL, NULL, NULL, NULL, NULL, NULL, NULL, NULL, NULL, NULL, NULL, NULL, NULL, NULL, NULL, NULL, NULL, 1, 1000, 'all'),
(1109, 'InitialDataRadio.MaximumLinkCapacity', 'Bandwidth limit for RTS', NULL, '9750.000', 'Mbit/s', 'PROJECT', NULL, NULL, NULL, NULL, NULL, NULL, NULL, NULL, NULL, NULL, NULL, NULL, NULL, NULL, NULL, NULL, NULL, 0, 1000000, 'all'),
(1110, 'InitialDataSatellite.MaximumLinkCapacity', 'Bandwidth limit for SAT', NULL, '50.000', 'Mbit/s', 'PROJECT', NULL, NULL, NULL, NULL, NULL, NULL, NULL, NULL, NULL, NULL, NULL, NULL, NULL, NULL, NULL, NULL, NULL, 0, 10000, 'all'),
(1111, 'InitialDataCellular.MaximumLinkCapacity', 'Bandwidth limit for CELL', NULL, '30.000', 'Mbit/s', 'PROJECT', NULL, NULL, NULL, NULL, NULL, NULL, NULL, NULL, NULL, NULL, NULL, NULL, NULL, NULL, NULL, NULL, NULL, 0, 10000, 'all');

--
-- Indexes for dumped tables
--

--
-- Indexes for table `calculation_logs`
--
ALTER TABLE `calculation_logs`
  ADD PRIMARY KEY (`id`,`project_id`),
  ADD KEY `fk_calculation_results_projects1_idx` (`project_id`),
  ADD KEY `index3` (`project_id`,`type`),
  ADD KEY `index4` (`object_id`,`project_id`),
  ADD KEY `index5` (`project_id`,`step`,`type`),
  ADD KEY `index6` (`run_id`);

--
-- Indexes for table `calculation_reports`
--
ALTER TABLE `calculation_reports`
  ADD PRIMARY KEY (`id`,`project_id`),
  ADD KEY `fk_calculation_results_projects1_idx` (`project_id`),
  ADD KEY `index3` (`project_id`,`type`),
  ADD KEY `index4` (`project_id`),
  ADD KEY `index5` (`project_id`,`step`,`type`),
  ADD KEY `index6` (`run_id`);

--
-- Indexes for table `calculation_results`
--
ALTER TABLE `calculation_results`
  ADD PRIMARY KEY (`id`,`project_id`),
  ADD KEY `fk_calculation_results_projects1_idx` (`project_id`),
  ADD KEY `index3` (`project_id`,`type`),
  ADD KEY `index4` (`object_id`,`project_id`),
  ADD KEY `index5` (`project_id`,`step`,`type`);

--
-- Indexes for table `country`
--
ALTER TABLE `country`
  ADD PRIMARY KEY (`id`),
  ADD KEY `fk_country_region1_idx` (`region_id`);

--
-- Indexes for table `country_has_variables`
--
ALTER TABLE `country_has_variables`
  ADD PRIMARY KEY (`country_id`,`variables_id`),
  ADD KEY `fk_country_has_variables_variables1_idx` (`variables_id`),
  ADD KEY `fk_country_has_variables_country1_idx` (`country_id`);

--
-- Indexes for table `locations`
--
ALTER TABLE `locations`
  ADD PRIMARY KEY (`id`),
  ADD UNIQUE KEY `locations_identifier_country_id_uindex` (`identifier`,`country_id`),
  ADD KEY `fk_locations_country1_idx` (`country_id`);

--
-- Indexes for table `logs`
--
ALTER TABLE `logs`
  ADD PRIMARY KEY (`id`),
  ADD KEY `fk_logs_projects1_idx` (`project_id`);

--
-- Indexes for table `profile_records`
--
ALTER TABLE `profile_records`
  ADD PRIMARY KEY (`id`),
  ADD UNIQUE KEY `profile_records_traffic_profiles_id_IDX` (`traffic_profiles_id`,`services_id`,`traffic_sources_id`) USING BTREE,
  ADD KEY `fk_profile_records_traffic_profiles1_idx` (`traffic_profiles_id`),
  ADD KEY `fk_profile_records_traffic_sources1_idx` (`traffic_sources_id`),
  ADD KEY `fk_profile_records_services1_idx` (`services_id`);

--
-- Indexes for table `projects`
--
ALTER TABLE `projects`
  ADD PRIMARY KEY (`id`),
  ADD KEY `fk_projects_users_idx` (`user_id`),
  ADD KEY `fk_projects_country1_idx` (`country_id`);

--
-- Indexes for table `projects_has_users`
--
ALTER TABLE `projects_has_users`
  ADD PRIMARY KEY (`projects_id`,`users_id`),
  ADD KEY `fk_projects_has_users_users1_idx` (`users_id`),
  ADD KEY `fk_projects_has_users_projects1_idx` (`projects_id`);

--
-- Indexes for table `projects_has_variables`
--
ALTER TABLE `projects_has_variables`
  ADD PRIMARY KEY (`projects_id`,`variables_id`),
  ADD KEY `fk_projects_has_variables_variables1_idx` (`variables_id`),
  ADD KEY `fk_projects_has_variables_projects1_idx` (`projects_id`);

--
-- Indexes for table `region`
--
ALTER TABLE `region`
  ADD PRIMARY KEY (`id`);

--
-- Indexes for table `region_has_variables`
--
ALTER TABLE `region_has_variables`
  ADD PRIMARY KEY (`region_id`,`variables_id`),
  ADD KEY `fk_region_has_variables_variables1_idx` (`variables_id`),
  ADD KEY `fk_region_has_variables_region1_idx` (`region_id`);

--
-- Indexes for table `results`
--
ALTER TABLE `results`
  ADD PRIMARY KEY (`id`),
  ADD KEY `fk_results_projects1_idx` (`project_id`);

--
-- Indexes for table `services`
--
ALTER TABLE `services`
  ADD PRIMARY KEY (`id`),
  ADD KEY `fk_services_users1_idx` (`users_id`);

--
-- Indexes for table `templates`
--
ALTER TABLE `templates`
  ADD PRIMARY KEY (`id`);

--
-- Indexes for table `templates_has_variables`
--
ALTER TABLE `templates_has_variables`
  ADD PRIMARY KEY (`templates_id`,`variables_id`),
  ADD KEY `fk_templates_has_variables_variables1_idx` (`variables_id`),
  ADD KEY `fk_templates_has_variables_templates1_idx` (`templates_id`);

--
-- Indexes for table `traffic_profiles`
--
ALTER TABLE `traffic_profiles`
  ADD PRIMARY KEY (`id`),
  ADD KEY `fk_traffic_profiles_users1_idx` (`users_id`);

--
-- Indexes for table `traffic_sources`
--
ALTER TABLE `traffic_sources`
  ADD PRIMARY KEY (`id`);

--
-- Indexes for table `users`
--
ALTER TABLE `users`
  ADD PRIMARY KEY (`id`);

--
-- Indexes for table `users_has_country`
--
ALTER TABLE `users_has_country`
  ADD PRIMARY KEY (`users_id`,`country_id`),
  ADD KEY `fk_users_has_country_country1_idx` (`country_id`),
  ADD KEY `fk_users_has_country_users1_idx` (`users_id`);

--
-- Indexes for table `variables`
--
ALTER TABLE `variables`
  ADD PRIMARY KEY (`id`);

--
-- AUTO_INCREMENT for dumped tables
--

--
-- AUTO_INCREMENT for table `calculation_logs`
--
ALTER TABLE `calculation_logs`
  MODIFY `id` int(11) NOT NULL AUTO_INCREMENT, AUTO_INCREMENT=774608;

--
-- AUTO_INCREMENT for table `calculation_reports`
--
ALTER TABLE `calculation_reports`
  MODIFY `id` int(11) NOT NULL AUTO_INCREMENT, AUTO_INCREMENT=1303;

--
-- AUTO_INCREMENT for table `calculation_results`
--
ALTER TABLE `calculation_results`
  MODIFY `id` int(11) NOT NULL AUTO_INCREMENT, AUTO_INCREMENT=956481;

--
-- AUTO_INCREMENT for table `locations`
--
ALTER TABLE `locations`
  MODIFY `id` int(11) NOT NULL AUTO_INCREMENT, AUTO_INCREMENT=77815;

--
-- AUTO_INCREMENT for table `logs`
--
ALTER TABLE `logs`
  MODIFY `id` int(11) NOT NULL AUTO_INCREMENT;

--
-- AUTO_INCREMENT for table `profile_records`
--
ALTER TABLE `profile_records`
  MODIFY `id` int(11) NOT NULL AUTO_INCREMENT, AUTO_INCREMENT=15401;

--
-- AUTO_INCREMENT for table `projects`
--
ALTER TABLE `projects`
  MODIFY `id` int(11) NOT NULL AUTO_INCREMENT, AUTO_INCREMENT=2527;

--
-- AUTO_INCREMENT for table `results`
--
ALTER TABLE `results`
  MODIFY `id` int(11) NOT NULL AUTO_INCREMENT;

--
-- AUTO_INCREMENT for table `services`
--
ALTER TABLE `services`
  MODIFY `id` int(11) NOT NULL AUTO_INCREMENT, AUTO_INCREMENT=145;

--
-- AUTO_INCREMENT for table `templates`
--
ALTER TABLE `templates`
  MODIFY `id` int(11) NOT NULL AUTO_INCREMENT, AUTO_INCREMENT=40;

--
-- AUTO_INCREMENT for table `traffic_profiles`
--
ALTER TABLE `traffic_profiles`
  MODIFY `id` int(11) NOT NULL AUTO_INCREMENT, AUTO_INCREMENT=64;

--
-- AUTO_INCREMENT for table `users`
--
ALTER TABLE `users`
  MODIFY `id` int(11) NOT NULL AUTO_INCREMENT, AUTO_INCREMENT=325;

--
-- AUTO_INCREMENT for table `variables`
--
ALTER TABLE `variables`
  MODIFY `id` int(11) NOT NULL AUTO_INCREMENT, AUTO_INCREMENT=1112;

--
-- Constraints for dumped tables
--

--
-- Constraints for table `country`
--
ALTER TABLE `country`
  ADD CONSTRAINT `fk_country_region1` FOREIGN KEY (`region_id`) REFERENCES `region` (`id`);

--
-- Constraints for table `country_has_variables`
--
ALTER TABLE `country_has_variables`
  ADD CONSTRAINT `fk_country_has_variables_country1` FOREIGN KEY (`country_id`) REFERENCES `country` (`id`),
  ADD CONSTRAINT `fk_country_has_variables_variables1` FOREIGN KEY (`variables_id`) REFERENCES `variables` (`id`);

--
-- Constraints for table `logs`
--
ALTER TABLE `logs`
  ADD CONSTRAINT `fk_logs_projects1` FOREIGN KEY (`project_id`) REFERENCES `projects` (`id`);

--
-- Constraints for table `profile_records`
--
ALTER TABLE `profile_records`
  ADD CONSTRAINT `fk_profile_records_services1` FOREIGN KEY (`services_id`) REFERENCES `services` (`id`),
  ADD CONSTRAINT `fk_profile_records_traffic_profiles1` FOREIGN KEY (`traffic_profiles_id`) REFERENCES `traffic_profiles` (`id`),
  ADD CONSTRAINT `fk_profile_records_traffic_sources1` FOREIGN KEY (`traffic_sources_id`) REFERENCES `traffic_sources` (`id`);

--
-- Constraints for table `projects`
--
ALTER TABLE `projects`
  ADD CONSTRAINT `fk_projects_users` FOREIGN KEY (`user_id`) REFERENCES `users` (`id`);

--
-- Constraints for table `projects_has_users`
--
ALTER TABLE `projects_has_users`
  ADD CONSTRAINT `fk_projects_has_users_projects1` FOREIGN KEY (`projects_id`) REFERENCES `projects` (`id`),
  ADD CONSTRAINT `fk_projects_has_users_users1` FOREIGN KEY (`users_id`) REFERENCES `users` (`id`);

--
-- Constraints for table `projects_has_variables`
--
ALTER TABLE `projects_has_variables`
  ADD CONSTRAINT `fk_projects_has_variables_projects1` FOREIGN KEY (`projects_id`) REFERENCES `projects` (`id`),
  ADD CONSTRAINT `fk_projects_has_variables_variables1` FOREIGN KEY (`variables_id`) REFERENCES `variables` (`id`);

--
-- Constraints for table `region_has_variables`
--
ALTER TABLE `region_has_variables`
  ADD CONSTRAINT `fk_region_has_variables_region1` FOREIGN KEY (`region_id`) REFERENCES `region` (`id`),
  ADD CONSTRAINT `fk_region_has_variables_variables1` FOREIGN KEY (`variables_id`) REFERENCES `variables` (`id`);

--
-- Constraints for table `results`
--
ALTER TABLE `results`
  ADD CONSTRAINT `fk_results_projects1` FOREIGN KEY (`project_id`) REFERENCES `projects` (`id`);

--
-- Constraints for table `services`
--
ALTER TABLE `services`
  ADD CONSTRAINT `fk_services_users1` FOREIGN KEY (`users_id`) REFERENCES `users` (`id`);

--
-- Constraints for table `templates_has_variables`
--
ALTER TABLE `templates_has_variables`
  ADD CONSTRAINT `fk_templates_has_variables_templates1` FOREIGN KEY (`templates_id`) REFERENCES `templates` (`id`),
  ADD CONSTRAINT `fk_templates_has_variables_variables1` FOREIGN KEY (`variables_id`) REFERENCES `variables` (`id`);

--
-- Constraints for table `traffic_profiles`
--
ALTER TABLE `traffic_profiles`
  ADD CONSTRAINT `fk_traffic_profiles_users1` FOREIGN KEY (`users_id`) REFERENCES `users` (`id`);

--
-- Constraints for table `users_has_country`
--
ALTER TABLE `users_has_country`
  ADD CONSTRAINT `fk_users_has_country_country1` FOREIGN KEY (`country_id`) REFERENCES `country` (`id`),
  ADD CONSTRAINT `fk_users_has_country_users1` FOREIGN KEY (`users_id`) REFERENCES `users` (`id`);
COMMIT;

/*!40101 SET CHARACTER_SET_CLIENT=@OLD_CHARACTER_SET_CLIENT */;
/*!40101 SET CHARACTER_SET_RESULTS=@OLD_CHARACTER_SET_RESULTS */;
/*!40101 SET COLLATION_CONNECTION=@OLD_COLLATION_CONNECTION */;
